action,arm,estimated_count,estimated_mean_reward,execution_count,execution_mean_reward,mean_reward,pull_count,reward_sum,service_id,source_plane,target_plane
add,"[""add"", 13, null, 1]",1.0,2.1500071621326455,1.0,0.505122511764897,1.3275648369487714,2.0,2.6551296738975427,13,,1
add,"[""add"", 13, null, 4]",1.0,2.187198889009422,1.0,0.570197647506754,1.378698268258088,2.0,2.757396536516176,13,,4
add,"[""add"", 14, null, 0]",1.0,1.879575721437659,1.0,0.5574055701103263,1.2184906457739926,2.0,2.436981291547985,14,,0
add,"[""add"", 14, null, 3]",1.0,1.8143427884895051,1.0,0.5508822768155109,1.182612532652508,2.0,2.365225065305016,14,,3
add,"[""add"", 14, null, 5]",1.0,1.8943152749114391,1.0,0.5588795254577044,1.2265974001845716,2.0,2.4531948003691433,14,,5
add,"[""add"", 17, null, 3]",1.0,1.4918581244087847,1.0,0.5191296528179051,1.0054938886133449,2.0,2.0109877772266898,17,,3
add,"[""add"", 17, null, 5]",1.0,2.052387584735847,1.0,0.4699277365086537,1.2611576606222503,2.0,2.5223153212445006,17,,5
add,"[""add"", 18, null, 3]",1.0,1.5753136822741596,1.0,0.5195908798870635,1.0474522810806115,2.0,2.094904562161223,18,,3
add,"[""add"", 18, null, 7]",1.0,1.8843668072202626,1.0,0.5504961923816738,1.217431499800968,2.0,2.434862999601936,18,,7
add,"[""add"", 18, null, 9]",1.0,1.6643847022803098,1.0,0.5284979818876785,1.096441342083994,2.0,2.192882684167988,18,,9
add,"[""add"", 19, null, 1]",1.0,1.0170877427460676,1.0,0.6495996574121566,0.8333437000791122,2.0,1.6666874001582244,19,,1
add,"[""add"", 19, null, 5]",1.0,0.9250252310282046,1.0,0.6403934062403703,0.7827093186342875,2.0,1.565418637268575,19,,5
add,"[""add"", 19, null, 6]",1.0,1.136287660229198,1.0,0.6615196491604696,0.8989036546948338,2.0,1.7978073093896676,19,,6
add,"[""add"", 19, null, 8]",1.0,1.6209874126281019,1.0,0.7073113467370162,1.164149379682559,2.0,2.328298759365118,19,,8
add,"[""add"", 19, null, 9]",1.0,1.6746226337146992,1.0,0.712674868845676,1.1936487512801877,2.0,2.3872975025603753,19,,9
add,"[""add"", 2, null, 3]",1.0,2.0582401224529123,1.0,0.4958341426930808,1.2770371325729966,2.0,2.554074265145993,2,,3
add,"[""add"", 2, null, 4]",1.0,2.089177094607808,1.0,0.49892783990857037,1.2940524672581892,2.0,2.5881049345163785,2,,4
add,"[""add"", 2, null, 5]",1.0,2.0745339520915094,1.0,0.4974635256569405,1.285998738874225,2.0,2.57199747774845,2,,5
add,"[""add"", 22, null, 0]",1.0,2.5044457024670868,1.0,0.574425801109643,1.539435751788365,2.0,3.07887150357673,22,,0
add,"[""add"", 22, null, 4]",1.0,2.2769113506217784,1.0,0.5738464943800556,1.425378922500917,2.0,2.850757845001834,22,,4
add,"[""add"", 22, null, 6]",1.0,2.4693833768384548,1.0,0.5709195685467798,1.5201514726926173,2.0,3.0403029453852346,22,,6
add,"[""add"", 22, null, 8]",1.0,2.5174642669916745,1.0,0.5757276575621019,1.5465959622768881,2.0,3.0931919245537762,22,,8
add,"[""add"", 23, null, 1]",1.0,1.8702222491939415,1.0,0.5321027474150899,1.2011624983045157,2.0,2.4023249966090314,23,,1
add,"[""add"", 23, null, 3]",1.0,2.021670901508678,1.0,0.5507950639666159,1.2862329827376469,2.0,2.5724659654752937,23,,3
add,"[""add"", 23, null, 7]",1.0,2.1716772461992506,1.0,0.48777090937097034,1.3297240777851105,2.0,2.659448155570221,23,,7
add,"[""add"", 23, null, 8]",1.0,2.0981151928835415,1.0,0.5584394931041023,1.328277342993822,2.0,2.656554685987644,23,,8
add,"[""add"", 24, null, 2]",1.0,2.618024956240755,1.0,0.4652676684630584,1.5416463123519069,2.0,3.0832926247038137,24,,2
add,"[""add"", 24, null, 3]",1.0,2.676823705543616,1.0,0.4711475433933445,1.5739856244684804,2.0,3.147971248936961,24,,3
add,"[""add"", 24, null, 7]",1.0,2.6838649335137434,1.0,0.47185166619035723,1.5778582998520503,2.0,3.1557165997041006,24,,7
add,"[""add"", 24, null, 8]",1.0,2.074857078629664,1.0,0.5507862000806635,1.3128216393551637,2.0,2.6256432787103274,24,,8
add,"[""add"", 3, null, 1]",1.0,2.2022394582708396,1.0,0.47977253592403146,1.3410059970974355,2.0,2.682011994194871,3,,1
add,"[""add"", 3, null, 5]",1.0,2.141481251501033,1.0,0.4736967152470508,1.307588983374042,2.0,2.615177966748084,3,,5
add,"[""add"", 3, null, 7]",1.0,2.120055448830322,1.0,0.47155413497997967,1.2958047919051507,2.0,2.5916095838103015,3,,7
add,"[""add"", 30, null, 1]",1.0,1.8792719625755787,1.0,0.5325886818561368,1.2059303222158577,2.0,2.4118606444317154,30,,1
add,"[""add"", 30, null, 3]",1.0,1.8253767915256582,1.0,0.5271991647511448,1.1762879781384015,2.0,2.352575956276803,30,,3
add,"[""add"", 30, null, 5]",1.0,1.8289680707742608,1.0,0.5275582926760051,1.178263181725133,2.0,2.356526363450266,30,,5
add,"[""add"", 30, null, 7]",1.0,1.4512780266185772,1.0,0.5705745330030001,1.0109262798107888,2.0,2.0218525596215775,30,,7
add,"[""add"", 4, null, 7]",1.0,2.2314980850691626,1.0,0.5527736025463288,1.3921358438077456,2.0,2.784271687615491,4,,7
add,"[""add"", 5, null, 0]",1.0,1.890909126595487,1.0,0.5331755074136315,1.2120423170045593,2.0,2.4240846340091187,5,,0
add,"[""add"", 5, null, 1]",1.0,1.87229732746252,1.0,0.5313143275003348,1.2018058274814274,2.0,2.403611654962855,5,,1
add,"[""add"", 5, null, 8]",1.0,1.98953595296941,1.0,0.5430381900510238,1.266287071510217,2.0,2.532574143020434,5,,8
add,"[""add"", 7, null, 0]",1.0,1.892056640476825,1.0,0.5384748568500634,1.2152657486634442,2.0,2.4305314973268883,7,,0
add,"[""add"", 7, null, 2]",1.0,1.8537816802837523,1.0,0.5780321342940193,1.2159069072888857,2.0,2.4318138145777715,7,,2
add,"[""add"", 7, null, 3]",1.0,2.0295534754706797,1.0,0.5522245403494489,1.2908890079100643,2.0,2.5817780158201287,7,,3
add,"[""add"", 7, null, 4]",1.0,1.82638627554471,1.0,0.5752925938201151,1.2008394346824125,2.0,2.401678869364825,7,,4
add,"[""add"", 7, null, 6]",1.0,1.9506706942284329,1.0,0.5877210356884873,1.26919586495846,2.0,2.53839172991692,7,,6
add,"[""add"", 9, null, 7]",1.0,1.971365587165209,1.0,0.503812142554867,1.237588864860038,2.0,2.475177729720076,9,,7
move,"[""move"", 13, 0, 1]",1.0,1.5467709263504317,1.0,0.6405225050120318,1.0936467156812317,2.0,2.1872934313624635,13,0,1
move,"[""move"", 13, 0, 2]",2.0,2.0983212530898543,2.0,0.6248061757023375,1.361563714396096,4.0,5.446254857584384,13,0,2
move,"[""move"", 13, 0, 3]",2.0,2.1243035513740063,2.0,0.6133664356285325,1.3688349935012694,4.0,5.475339974005077,13,0,3
move,"[""move"", 13, 0, 4]",2.0,1.74192923904323,2.0,0.6226760459985203,1.1823026425208754,4.0,4.729210570083501,13,0,4
move,"[""move"", 13, 0, 5]",1.0,1.3596093014581871,1.0,0.577365408878422,0.9684873551683046,2.0,1.9369747103366093,13,0,5
move,"[""move"", 13, 0, 6]",1.0,1.2857639118690238,1.0,0.5763047104666578,0.9310343111678407,2.0,1.8620686223356815,13,0,6
move,"[""move"", 13, 0, 7]",1.0,1.2534808261718868,1.0,0.573076401896944,0.9132786140344153,2.0,1.8265572280688307,13,0,7
move,"[""move"", 13, 0, 8]",2.0,1.9430551826135711,2.0,0.6963579751453417,1.3197065788794564,4.0,5.278826315517826,13,0,8
move,"[""move"", 13, 0, 9]",2.0,1.7732496050362134,2.0,0.702306386582974,1.2377779958095938,4.0,4.951111983238375,13,0,9
move,"[""move"", 13, 1, 0]",1.0,1.424104493298968,1.0,0.6178327778321566,1.0209686355655623,2.0,2.0419372711311246,13,1,0
move,"[""move"", 13, 1, 2]",1.0,1.1883285258876568,1.0,0.6661659589579637,0.9272472424228102,2.0,1.8544944848456204,13,1,2
move,"[""move"", 13, 1, 3]",2.0,1.7904660023565089,2.0,0.632477276848697,1.211471639602603,4.0,4.845886558410412,13,1,3
move,"[""move"", 13, 1, 4]",1.0,1.2695576382339757,1.0,0.5683602425560009,0.9189589403949883,2.0,1.8379178807899765,13,1,4
move,"[""move"", 13, 1, 5]",1.0,1.3139351370962316,1.0,0.5727979924422265,0.9433665647692291,2.0,1.8867331295384582,13,1,5
move,"[""move"", 13, 1, 6]",2.0,1.8563011528859201,2.0,0.6273575624024663,1.2418293576441932,4.0,4.967317430576773,13,1,6
move,"[""move"", 13, 1, 7]",2.0,1.789162283493339,2.0,0.6608089676505278,1.2249856255719334,4.0,4.899942502287733,13,1,7
move,"[""move"", 13, 1, 8]",2.0,1.5313173914499214,2.0,0.6821755442463189,1.10674646784812,4.0,4.42698587139248,13,1,8
move,"[""move"", 13, 1, 9]",2.0,1.9850721396908828,2.0,0.7008244296806851,1.342948284685784,4.0,5.371793138743136,13,1,9
move,"[""move"", 13, 2, 0]",2.0,1.4095500612802092,2.0,0.6171567463212984,1.0133534038007537,4.0,4.053413615203015,13,2,0
move,"[""move"", 13, 2, 1]",2.0,1.8649536712135193,2.0,0.6747407505938707,1.269847210903695,4.0,5.07938884361478,13,2,1
move,"[""move"", 13, 2, 3]",2.0,1.6877586928257307,2.0,0.6754516407400305,1.1816051667828806,4.0,4.7264206671315225,13,2,3
move,"[""move"", 13, 2, 4]",1.0,1.273855679844723,1.0,0.6132309803614608,0.9435433301030919,2.0,1.8870866602061838,13,2,4
move,"[""move"", 13, 2, 5]",2.0,1.5059862703740285,2.0,0.6965679958053432,1.101277133089686,4.0,4.405108532358744,13,2,5
move,"[""move"", 13, 2, 6]",1.0,1.204460015785927,1.0,0.5681743208583481,0.8863171683221376,2.0,1.7726343366442752,13,2,6
move,"[""move"", 13, 2, 7]",1.0,1.4087605955656426,1.0,0.6439222376802032,1.0263414166229228,2.0,2.0526828332458456,13,2,7
move,"[""move"", 13, 2, 8]",2.0,1.5451021849578164,2.0,0.6872991515850767,1.1162006682714465,4.0,4.464802673085786,13,2,8
move,"[""move"", 13, 2, 9]",2.0,1.6813288696551134,2.0,0.7023937394445108,1.191861304549812,4.0,4.767445218199248,13,2,9
move,"[""move"", 13, 3, 0]",2.0,1.866100153656284,2.0,0.5912164813447918,1.2286583175005379,4.0,4.9146332700021516,13,3,0
move,"[""move"", 13, 3, 1]",2.0,2.0258180113230644,2.0,0.6313268893312246,1.3285724503271443,4.0,5.314289801308577,13,3,1
move,"[""move"", 13, 3, 2]",2.0,1.9118620416903145,2.0,0.6925554084429235,1.302208725066619,4.0,5.208834900266476,13,3,2
move,"[""move"", 13, 3, 4]",2.0,2.0267621143033665,2.0,0.6587328640645217,1.3427474891839442,4.0,5.370989956735777,13,3,4
move,"[""move"", 13, 3, 5]",2.0,1.7394852723356764,2.0,0.6761646346827251,1.2078249535092007,4.0,4.831299814036803,13,3,5
move,"[""move"", 13, 3, 6]",2.0,1.123940542414239,2.0,0.663075501443342,0.8935080219287905,4.0,3.574032087715162,13,3,6
move,"[""move"", 13, 3, 7]",2.0,1.748454070795412,2.0,0.6779357814354932,1.2131949261154524,4.0,4.85277970446181,13,3,7
move,"[""move"", 13, 3, 8]",1.0,1.477935687673361,1.0,0.5001317990601044,0.9890337433667327,2.0,1.9780674867334653,13,3,8
move,"[""move"", 13, 3, 9]",2.0,1.9215876427201213,2.0,0.694475979983609,1.3080318113518652,4.0,5.232127245407461,13,3,9
move,"[""move"", 13, 4, 0]",2.0,1.8171731283913068,2.0,0.6251873306226975,1.221180229507002,4.0,4.884720918028008,13,4,0
move,"[""move"", 13, 4, 1]",1.0,1.4113373593135288,1.0,0.49347196622412115,0.952404662768825,2.0,1.90480932553765,13,4,1
move,"[""move"", 13, 4, 2]",1.0,2.7615675457761015,1.0,0.6140139992217816,1.6877907724989416,2.0,3.375581544997883,13,4,2
move,"[""move"", 13, 4, 3]",1.0,1.5542783685679324,1.0,0.630850165359053,1.0925642669634927,2.0,2.1851285339269855,13,4,3
move,"[""move"", 13, 4, 5]",1.0,1.5263114703820044,1.0,0.6539287913482503,1.0901201308651274,2.0,2.1802402617302548,13,4,5
move,"[""move"", 13, 4, 6]",2.0,1.7536528067224872,2.0,0.6765483220486626,1.215100564385575,4.0,4.8604022575423,13,4,6
move,"[""move"", 13, 4, 7]",2.0,1.837028842979922,2.0,0.6917280835623064,1.2643784632711141,4.0,5.057513853084457,13,4,7
move,"[""move"", 13, 4, 8]",2.0,1.7197535955284609,2.0,0.6789577703570726,1.1993556829427667,4.0,4.797422731771067,13,4,8
move,"[""move"", 13, 4, 9]",1.0,1.597397923799378,1.0,0.7029087412108492,1.1501533325051136,2.0,2.3003066650102273,13,4,9
move,"[""move"", 13, 5, 0]",2.0,2.0005792894807657,2.0,0.6044176139334898,1.3024984517071279,4.0,5.209993806828511,13,5,0
move,"[""move"", 13, 5, 1]",1.0,1.4695234048623655,1.0,0.49929057077900485,0.9844069878206851,2.0,1.9688139756413703,13,5,1
move,"[""move"", 13, 5, 2]",2.0,2.1826571134274286,2.0,0.6587788080802843,1.4207179607538565,4.0,5.682871843015426,13,5,2
move,"[""move"", 13, 5, 3]",2.0,1.254470610919554,2.0,0.6739891252330732,0.9642298680763135,4.0,3.856919472305254,13,5,3
move,"[""move"", 13, 5, 4]",1.0,1.441287320364637,1.0,0.6299741444134523,1.0356307323890448,2.0,2.0712614647780896,13,5,4
move,"[""move"", 13, 5, 6]",1.0,1.2038292393769088,1.0,0.6618198804468919,0.9328245599119003,2.0,1.8656491198238006,13,5,6
move,"[""move"", 13, 5, 7]",2.0,1.997627909150671,2.0,0.6825813813806336,1.3401046452656522,4.0,5.360418581062609,13,5,7
move,"[""move"", 13, 5, 8]",2.0,1.9445018569756185,2.0,0.6874494357078352,1.3159756463417267,4.0,5.263902585366907,13,5,8
move,"[""move"", 13, 5, 9]",1.0,1.4746214187120419,1.0,0.6908277551604244,1.0827245869362332,2.0,2.1654491738724664,13,5,9
move,"[""move"", 13, 6, 0]",1.0,1.2893528469068842,1.0,0.6762683910598865,0.9828106189833854,2.0,1.9656212379667708,13,6,0
move,"[""move"", 13, 6, 1]",2.0,2.1490758829636043,2.0,0.6204828630907642,1.3847793730271845,4.0,5.539117492108738,13,6,1
move,"[""move"", 13, 6, 2]",2.0,2.305474877872025,2.0,0.6383334236399223,1.4719041507559736,4.0,5.887616603023894,13,6,2
move,"[""move"", 13, 6, 3]",1.0,1.433593610856181,1.0,0.690692467454816,1.0621430391554987,2.0,2.1242860783109974,13,6,3
move,"[""move"", 13, 6, 4]",1.0,1.4249659877908494,1.0,0.6283420111560736,1.0266539994734614,2.0,2.0533079989469227,13,6,4
move,"[""move"", 13, 6, 5]",1.0,1.4167371443938261,1.0,0.6694619118680716,1.043099528130949,2.0,2.086199056261898,13,6,5
move,"[""move"", 13, 6, 7]",2.0,2.0332383114130756,2.0,0.7073400566616324,1.370289184037354,4.0,5.481156736149416,13,6,7
move,"[""move"", 13, 6, 8]",1.0,1.4626980841322474,1.0,0.7042009943908815,1.0834495392615644,2.0,2.166899078523129,13,6,8
move,"[""move"", 13, 6, 9]",2.0,1.4239419728332172,2.0,0.6892316598431539,1.0565868163381855,4.0,4.226347265352742,13,6,9
move,"[""move"", 13, 7, 0]",2.0,1.5102590458592249,2.0,0.6573772402310113,1.0838181430451181,4.0,4.335272572180473,13,7,0
move,"[""move"", 13, 7, 1]",1.0,1.2426391198097928,1.0,0.6595642307596683,0.9511016752847306,2.0,1.902203350569461,13,7,1
move,"[""move"", 13, 7, 2]",1.0,1.3842542903414152,1.0,0.6840381677329604,1.034146229037188,2.0,2.068292458074376,13,7,2
move,"[""move"", 13, 7, 3]",2.0,1.8755921657235926,2.0,0.6792199540273671,1.2774060598754797,4.0,5.109624239501919,13,7,3
move,"[""move"", 13, 7, 4]",2.0,1.4488389874095837,2.0,0.7003857656668482,1.074612376538216,4.0,4.298449506152864,13,7,4
move,"[""move"", 13, 7, 5]",2.0,1.3924550432593557,2.0,0.6856060391523415,1.0390305412058485,4.0,4.156122164823394,13,7,5
move,"[""move"", 13, 7, 6]",2.0,1.6044203630460174,2.0,0.688521513015919,1.1464709380309683,4.0,4.585883752123873,13,7,6
move,"[""move"", 13, 7, 8]",2.0,1.4777852372225633,2.0,0.7243607195838782,1.1010729784032207,4.0,4.404291913612883,13,7,8
move,"[""move"", 13, 7, 9]",2.0,1.5468499137984213,2.0,0.6951329507640265,1.120991432281224,4.0,4.483965729124896,13,7,9
move,"[""move"", 13, 8, 0]",2.0,1.3077091062257726,2.0,0.70360990501888,1.0056595056223263,4.0,4.022638022489305,13,8,0
move,"[""move"", 13, 8, 1]",2.0,1.867918545556265,2.0,0.6810323233743827,1.274475434465324,4.0,5.097901737861296,13,8,1
move,"[""move"", 13, 8, 2]",2.0,1.819157252005057,2.0,0.6900765078177986,1.2546168799114277,4.0,5.018467519645711,13,8,2
move,"[""move"", 13, 8, 3]",1.0,1.37841158493786,1.0,0.6854632374689411,1.0319374112034005,2.0,2.063874822406801,13,8,3
move,"[""move"", 13, 8, 4]",2.0,1.6345015713158202,2.0,0.6817925626381933,1.1581470669770069,4.0,4.6325882679080275,13,8,4
move,"[""move"", 13, 8, 5]",2.0,1.8032730468108906,2.0,0.7036586322581375,1.253465839534514,4.0,5.013863358138056,13,8,5
move,"[""move"", 13, 8, 6]",1.0,1.3139636118128506,1.0,0.6723406194404861,0.9931521156266683,2.0,1.9863042312533365,13,8,6
move,"[""move"", 13, 8, 7]",2.0,2.068835969135307,2.0,0.6961654931012701,1.3825007311182884,4.0,5.530002924473154,13,8,7
move,"[""move"", 13, 8, 9]",2.0,1.9049988562780409,2.0,0.7159564236125655,1.3104776399453033,4.0,5.241910559781213,13,8,9
move,"[""move"", 13, 9, 0]",2.0,1.66150897640371,2.0,0.6998891598368815,1.1806990681202958,4.0,4.722796272481183,13,9,0
move,"[""move"", 13, 9, 1]",2.0,1.956800318432756,2.0,0.6828609035369826,1.3198306109848692,4.0,5.279322443939477,13,9,1
move,"[""move"", 13, 9, 2]",2.0,2.021666141782374,2.0,0.6775850840017549,1.3496256128920645,4.0,5.398502451568258,13,9,2
move,"[""move"", 13, 9, 3]",2.0,1.5448511152469209,2.0,0.6484927624537268,1.0966719388503239,4.0,4.3866877554012955,13,9,3
move,"[""move"", 13, 9, 4]",1.0,1.4371494383971088,1.0,0.691337022814866,1.0642432306059875,2.0,2.128486461211975,13,9,4
move,"[""move"", 13, 9, 5]",1.0,1.035067689331685,1.0,0.6987399746787556,0.8669038320052203,2.0,1.7338076640104405,13,9,5
move,"[""move"", 13, 9, 6]",2.0,1.3022711965653246,2.0,0.677558358475985,0.9899147775206549,4.0,3.9596591100826197,13,9,6
move,"[""move"", 13, 9, 7]",2.0,1.7951105239562122,2.0,0.6710981980130748,1.2331043609846435,4.0,4.932417443938574,13,9,7
move,"[""move"", 13, 9, 8]",2.0,1.265425446465939,2.0,0.7007719080842395,0.9830986772750893,4.0,3.932394709100357,13,9,8
move,"[""move"", 14, 0, 1]",1.0,1.8476302830627387,1.0,0.5928515513629348,1.2202409172128368,2.0,2.4404818344256736,14,0,1
move,"[""move"", 14, 0, 2]",1.0,1.7055487479531428,1.0,0.637787039477008,1.1716678937150755,2.0,2.343335787430151,14,0,2
move,"[""move"", 14, 0, 3]",1.0,1.8869376475227044,1.0,0.5967822878089314,1.241859967665818,2.0,2.483719935331636,14,0,3
move,"[""move"", 14, 0, 4]",1.0,1.714556017066789,1.0,0.690976150418864,1.2027660837428265,2.0,2.405532167485653,14,0,4
move,"[""move"", 14, 0, 5]",1.0,1.0129529583046046,1.0,0.7245822756253189,0.8687676169649617,2.0,1.7375352339299235,14,0,5
move,"[""move"", 14, 0, 6]",1.0,2.0517443380942915,1.0,0.6156842627481659,1.3337143004212286,2.0,2.6674286008424573,14,0,6
move,"[""move"", 14, 0, 7]",1.0,1.6149214145048179,1.0,0.6810126901626669,1.1479670523337424,2.0,2.295934104667485,14,0,7
move,"[""move"", 14, 1, 0]",1.0,1.637873840726244,1.0,0.5560533394015745,1.0969635900639094,2.0,2.193927180127819,14,1,0
move,"[""move"", 14, 1, 2]",1.0,1.8256045878735945,1.0,0.6451549444065532,1.2353797661400738,2.0,2.4707595322801477,14,1,2
move,"[""move"", 14, 1, 3]",1.0,0.9032703919241225,1.0,0.7136140189872706,0.8084422054556966,2.0,1.6168844109113931,14,1,3
move,"[""move"", 14, 1, 4]",1.0,0.906996515661722,1.0,0.7112000282117532,0.8090982719367377,2.0,1.6181965438734753,14,1,4
move,"[""move"", 14, 1, 5]",1.0,0.8879121836286021,1.0,0.7120781981577186,0.7999951908931604,2.0,1.5999903817863208,14,1,5
move,"[""move"", 14, 1, 6]",1.0,1.8933874239842443,1.0,0.5998485713371613,1.2466179976607028,2.0,2.4932359953214056,14,1,6
move,"[""move"", 14, 1, 7]",1.0,1.6834761334342419,1.0,0.6878681620556092,1.1856721477449255,2.0,2.371344295489851,14,1,7
move,"[""move"", 14, 2, 0]",1.0,1.5467757712449106,1.0,0.5469435324534412,1.046859651849176,2.0,2.093719303698352,14,2,0
move,"[""move"", 14, 2, 1]",1.0,1.4819768219868168,1.0,0.7174714041607879,1.0997241130738025,2.0,2.199448226147605,14,2,1
move,"[""move"", 14, 2, 3]",1.0,1.3615508182846472,1.0,0.7054288037905709,1.033489811037609,2.0,2.066979622075218,14,2,3
move,"[""move"", 14, 2, 4]",1.0,1.1756576180340534,1.0,0.7412015229989863,0.9584295705165199,2.0,1.9168591410330398,14,2,4
move,"[""move"", 14, 2, 5]",1.0,1.4609770697714626,1.0,0.5383636623060963,0.9996703660387795,2.0,1.999340732077559,14,2,5
move,"[""move"", 14, 2, 6]",1.0,1.986637129694447,1.0,0.6091735419081815,1.2979053358013142,2.0,2.5958106716026284,14,2,6
move,"[""move"", 14, 2, 7]",1.0,1.5522929575711255,1.0,0.6747498444692976,1.1135214010202117,2.0,2.2270428020404234,14,2,7
move,"[""move"", 14, 3, 0]",1.0,1.6906886429820212,1.0,0.5550567869438189,1.12287271496292,2.0,2.24574542992584,14,3,0
move,"[""move"", 14, 3, 1]",1.0,1.1109159609770172,1.0,0.683276136032358,0.8970960485046876,2.0,1.7941920970093752,14,3,1
move,"[""move"", 14, 3, 2]",1.0,1.7993790623874735,1.0,0.6471700709204411,1.2232745666539573,2.0,2.4465491333079146,14,3,2
move,"[""move"", 14, 3, 4]",1.0,1.1227333793051422,1.0,0.7289958586510953,0.9258646189781188,2.0,1.8517292379562376,14,3,4
move,"[""move"", 14, 3, 6]",1.0,1.836038998627454,1.0,0.5941137288014822,1.2150763637144681,2.0,2.4301527274289363,14,3,6
move,"[""move"", 14, 4, 0]",1.0,1.009977601968824,1.0,0.6731823001315387,0.8415799510501814,2.0,1.6831599021003627,14,4,0
move,"[""move"", 14, 4, 1]",1.0,1.1041570980662507,1.0,0.6799904726775949,0.8920737853719228,2.0,1.7841475707438457,14,4,1
move,"[""move"", 14, 4, 2]",1.0,1.2211117739763404,1.0,0.6916859402686039,0.9563988571224722,2.0,1.9127977142449444,14,4,2
move,"[""move"", 14, 4, 5]",1.0,1.7030473083533346,1.0,0.7395784527974396,1.221312880575387,2.0,2.442625761150774,14,4,5
move,"[""move"", 14, 4, 6]",1.0,1.4623882217381123,1.0,0.7158135850447811,1.0891009033914467,2.0,2.1782018067828934,14,4,6
move,"[""move"", 14, 5, 0]",1.0,0.9492123454234952,1.0,0.7185569957379305,0.8338846705807128,2.0,1.6677693411614256,14,5,0
move,"[""move"", 14, 5, 1]",1.0,1.3712922693944825,1.0,0.7067039898104182,1.0389981296024504,2.0,2.077996259204901,14,5,1
move,"[""move"", 14, 5, 2]",1.0,1.355752583735976,1.0,0.542800036476531,0.9492763101062536,2.0,1.8985526202125071,14,5,2
move,"[""move"", 14, 5, 4]",1.0,1.7604762218131298,1.0,0.6368739506380068,1.1986750862255682,2.0,2.3973501724511364,14,5,4
move,"[""move"", 14, 5, 6]",1.0,1.1634303629771494,1.0,0.6885275762323713,0.9259789696047603,2.0,1.8519579392095207,14,5,6
move,"[""move"", 14, 6, 1]",1.0,1.182885283053972,1.0,0.5255133064083305,0.8541992947311512,2.0,1.7083985894623024,14,6,1
move,"[""move"", 14, 6, 2]",1.0,1.1994614810679662,1.0,0.5271709262097299,0.8633162036388481,2.0,1.7266324072776962,14,6,2
move,"[""move"", 14, 6, 3]",1.0,1.1409853751980457,1.0,0.5213233156227379,0.8311543454103918,2.0,1.6623086908207836,14,6,3
move,"[""move"", 14, 6, 4]",1.0,0.9599769346073365,1.0,0.709871364918092,0.8349241497627142,2.0,1.6698482995254285,14,6,4
move,"[""move"", 14, 6, 5]",1.0,1.5214409893760106,1.0,0.7206353298830406,1.1210381596295256,2.0,2.242076319259051,14,6,5
move,"[""move"", 14, 7, 0]",1.0,0.877123519537743,1.0,0.6598968918884306,0.7685102057130868,2.0,1.5370204114261736,14,7,0
move,"[""move"", 18, 0, 1]",1.0,1.4298091742623926,1.0,0.6456059416997184,1.0377075579810555,2.0,2.075415115962111,18,0,1
move,"[""move"", 18, 0, 2]",1.0,0.6872231819040134,1.0,0.6294884110792814,0.6583557964916474,2.0,1.3167115929832949,18,0,2
move,"[""move"", 18, 0, 3]",1.0,0.8434848180270809,1.0,0.6164497240911859,0.7299672710591334,2.0,1.4599345421182668,18,0,3
move,"[""move"", 18, 0, 4]",1.0,0.4593872755062195,1.0,0.6565739932752102,0.5579806343907148,2.0,1.1159612687814295,18,0,4
move,"[""move"", 18, 0, 5]",1.0,1.3788472328193342,1.0,0.5647374376429695,0.9717923352311518,2.0,1.9435846704623037,18,0,5
move,"[""move"", 18, 0, 6]",1.0,0.8524911402272983,1.0,0.695884379747318,0.7741877599873082,2.0,1.5483755199746163,18,0,6
move,"[""move"", 18, 0, 7]",1.0,1.0759365146708912,1.0,0.662262019151614,0.8690992669112526,2.0,1.7381985338225052,18,0,7
move,"[""move"", 18, 0, 8]",1.0,1.6097862540763122,1.0,0.6877341015217816,1.1487601777990468,2.0,2.2975203555980936,18,0,8
move,"[""move"", 18, 1, 0]",1.0,1.3803762149001688,1.0,0.6774436925179755,1.0289099537090722,2.0,2.0578199074181445,18,1,0
move,"[""move"", 18, 1, 2]",1.0,1.5316786292244196,1.0,0.5941274652501447,1.062903047237282,2.0,2.125806094474564,18,1,2
move,"[""move"", 18, 1, 3]",1.0,0.9822485902859687,1.0,0.6303261013170747,0.8062873458015216,2.0,1.6125746916030432,18,1,3
move,"[""move"", 18, 1, 4]",1.0,1.2331497049923197,1.0,0.6627210415271906,0.9479353732597551,2.0,1.8958707465195102,18,1,4
move,"[""move"", 18, 1, 5]",1.0,0.6945999978667721,1.0,0.4759152467518799,0.585257622309326,2.0,1.170515244618652,18,1,5
move,"[""move"", 18, 1, 6]",1.0,0.8468060864895959,1.0,0.6953158743735477,0.7710609804315718,2.0,1.5421219608631436,18,1,6
move,"[""move"", 18, 1, 7]",1.0,0.7860352900734655,1.0,0.6332718966918713,0.7096535933826684,2.0,1.4193071867653368,18,1,7
move,"[""move"", 18, 1, 8]",1.0,1.2636523140406,1.0,0.6531207075182104,0.9583865107794052,2.0,1.9167730215588104,18,1,8
move,"[""move"", 18, 2, 0]",1.0,0.6836335148157988,1.0,0.6098651375051669,0.6467493261604829,2.0,1.2934986523209657,18,2,0
move,"[""move"", 18, 2, 1]",1.0,1.5010157985137953,1.0,0.5758117818488806,1.038413790181338,2.0,2.076827580362676,18,2,1
move,"[""move"", 18, 2, 3]",1.0,1.2635982811905802,1.0,0.6560235311870821,0.9598109061888311,2.0,1.9196218123776623,18,2,3
move,"[""move"", 18, 2, 4]",1.0,1.2661247563899143,1.0,0.7608628883741816,1.013493822382048,2.0,2.026987644764096,18,2,4
move,"[""move"", 18, 2, 5]",1.0,1.0223357116796654,1.0,0.6569019388524914,0.8396188252660783,2.0,1.6792376505321567,18,2,5
move,"[""move"", 18, 2, 6]",1.0,0.7102202798898006,1.0,0.6816572937135682,0.6959387868016844,2.0,1.3918775736033688,18,2,6
move,"[""move"", 18, 2, 7]",1.0,1.4729530211059005,1.0,0.6740507782247405,1.0735018996653205,2.0,2.147003799330641,18,2,7
move,"[""move"", 18, 2, 8]",1.0,1.3647942492637737,1.0,0.6632349010405278,1.0140145751521508,2.0,2.0280291503043015,18,2,8
move,"[""move"", 18, 3, 0]",1.0,1.0145943539656805,1.0,0.642961221420155,0.8287777876929178,2.0,1.6575555753858355,18,3,0
move,"[""move"", 18, 3, 1]",1.0,1.2332485095807069,1.0,0.6648266369816577,0.9490375732811822,2.0,1.8980751465623644,18,3,1
move,"[""move"", 18, 3, 2]",1.0,1.015920787176089,1.0,0.6727180334898223,0.8443194103329557,2.0,1.6886388206659113,18,3,2
move,"[""move"", 18, 3, 4]",1.0,1.215346099680807,1.0,0.6609406809960393,0.9381433903384231,2.0,1.8762867806768462,18,3,4
move,"[""move"", 18, 3, 5]",1.0,1.3006114088301688,1.0,0.5710207432107196,0.9358160760204441,2.0,1.8716321520408883,18,3,5
move,"[""move"", 18, 3, 6]",1.0,0.8211913134369659,1.0,0.6367874990282214,0.7289894062325937,2.0,1.4579788124651873,18,3,6
move,"[""move"", 18, 3, 7]",1.0,0.8405991915279938,1.0,0.7183103318879895,0.7794547617079917,2.0,1.5589095234159833,18,3,7
move,"[""move"", 18, 4, 0]",1.0,0.4196304729544319,1.0,0.5814866376856969,0.5005585553200644,2.0,1.0011171106401289,18,4,0
move,"[""move"", 18, 4, 1]",1.0,1.1292478823908838,1.0,0.5291076702865894,0.8291777763387367,2.0,1.6583555526774734,18,4,1
move,"[""move"", 18, 4, 2]",1.0,0.9885986381327673,1.0,0.6309611061017546,0.8097798721172609,2.0,1.6195597442345218,18,4,2
move,"[""move"", 18, 4, 3]",1.0,1.2105485390492534,1.0,0.5467650559024264,0.8786567974758399,2.0,1.7573135949516798,18,4,3
move,"[""move"", 18, 4, 5]",1.0,0.9504834683270442,1.0,0.6661743016049179,0.8083288849659811,2.0,1.6166577699319622,18,4,5
move,"[""move"", 18, 4, 6]",1.0,1.1350932490517405,1.0,0.681818821249121,0.9084560351504307,2.0,1.8169120703008614,18,4,6
move,"[""move"", 18, 5, 0]",1.0,1.240632536683488,1.0,0.6537269567363729,0.9471797467099305,2.0,1.894359493419861,18,5,0
move,"[""move"", 18, 5, 1]",1.0,1.1414076844432164,1.0,0.5398509704418227,0.8406293274425196,2.0,1.6812586548850392,18,5,1
move,"[""move"", 18, 5, 2]",1.0,1.1358499156004758,1.0,0.6162100158335266,0.8760299657170012,2.0,1.7520599314340024,18,5,2
move,"[""move"", 18, 5, 3]",1.0,1.1079995058545242,1.0,0.6429011928739302,0.8754503493642272,2.0,1.7509006987284543,18,5,3
move,"[""move"", 18, 5, 4]",1.0,1.3406063092681169,1.0,0.6734667019547703,1.0070365056114436,2.0,2.0140730112228873,18,5,4
move,"[""move"", 18, 5, 6]",1.0,0.8719061716210016,1.0,0.6555001135060471,0.7637031425635243,2.0,1.5274062851270487,18,5,6
move,"[""move"", 18, 6, 0]",1.0,1.4006403740293525,1.0,0.6697277404709594,1.0351840572501558,2.0,2.0703681145003117,18,6,0
move,"[""move"", 18, 6, 1]",1.0,1.103340860816313,1.0,0.6129591103551104,0.8581499855857118,2.0,1.7162999711714235,18,6,1
move,"[""move"", 18, 6, 2]",1.0,1.268615659795154,1.0,0.7285049378848073,0.9985602988399807,2.0,1.9971205976799613,18,6,2
move,"[""move"", 18, 6, 3]",1.0,1.3476015129242505,1.0,0.6644238543604492,1.0060126836423497,2.0,2.0120253672846995,18,6,3
move,"[""move"", 18, 6, 4]",1.0,1.0281880751293064,1.0,0.7370692202481208,0.8826286476887136,2.0,1.7652572953774273,18,6,4
move,"[""move"", 18, 6, 5]",1.0,1.1480284130964913,1.0,0.6859287960818625,0.9169786045891769,2.0,1.8339572091783538,18,6,5
move,"[""move"", 18, 6, 7]",1.0,1.2277232626822046,1.0,0.7478830176784106,0.9878031401803076,2.0,1.9756062803606151,18,6,7
move,"[""move"", 18, 7, 0]",1.0,1.039132954875185,1.0,0.7055566673928104,0.8723448111339978,2.0,1.7446896222679955,18,7,0
move,"[""move"", 18, 7, 1]",1.0,1.1678671151070126,1.0,0.6194117357841804,0.8936394254455965,2.0,1.787278850891193,18,7,1
move,"[""move"", 18, 7, 2]",1.0,0.6883797494566218,1.0,0.6704813468509541,0.6794305481537879,2.0,1.3588610963075758,18,7,2
move,"[""move"", 18, 7, 6]",1.0,0.7558840933649028,1.0,0.6438979056804371,0.69989099952267,2.0,1.39978199904534,18,7,6
move,"[""move"", 18, 8, 0]",1.0,1.1024405931899608,1.0,0.711887431224288,0.9071640122071244,2.0,1.8143280244142488,18,8,0
move,"[""move"", 18, 8, 2]",1.0,0.759943655095879,1.0,0.6420129808035347,0.7009783179497069,2.0,1.4019566358994138,18,8,2
move,"[""move"", 2, 0, 1]",3.0,1.609667992372266,3.0,0.6529541742478462,1.1313110833100561,6.0,6.787866499860336,2,0,1
move,"[""move"", 2, 0, 2]",2.0,1.4541062495361392,2.0,0.6160676864618104,1.0350869679989747,4.0,4.140347871995899,2,0,2
move,"[""move"", 2, 0, 3]",3.0,1.395379361560461,3.0,0.6344962757026555,1.014937818631558,6.0,6.089626911789349,2,0,3
move,"[""move"", 2, 0, 4]",2.0,1.463190619215323,2.0,0.6099630518214955,1.0365768355184093,4.0,4.146307342073637,2,0,4
move,"[""move"", 2, 0, 5]",2.0,1.1325704102441267,2.0,0.5944138171668732,0.8634921137055,4.0,3.453968454822,2,0,5
move,"[""move"", 2, 0, 6]",2.0,1.2495658209121685,2.0,0.6159312056065231,0.9327485132593458,4.0,3.7309940530373833,2,0,6
move,"[""move"", 2, 0, 7]",2.0,0.41814008899978405,1.0,0.6630477261462007,0.49977596804858965,3.0,1.499327904145769,2,0,7
move,"[""move"", 2, 0, 8]",2.0,1.7150303107877827,2.0,0.6787398109919234,1.196885060889853,4.0,4.787540243559412,2,0,8
move,"[""move"", 2, 0, 9]",2.0,1.2554866953908626,2.0,0.6821000664577637,0.968793380924313,4.0,3.875173523697252,2,0,9
move,"[""move"", 2, 1, 0]",2.0,1.440749734449632,2.0,0.6342347450505439,1.0374922397500879,4.0,4.1499689590003515,2,1,0
move,"[""move"", 2, 1, 2]",3.0,1.7742414438629073,3.0,0.6574695801724479,1.2158555120176777,6.0,7.295133072106066,2,1,2
move,"[""move"", 2, 1, 3]",3.0,1.410512702882546,3.0,0.6391127179765307,1.0248127104295384,6.0,6.148876262577231,2,1,3
move,"[""move"", 2, 1, 4]",2.0,1.237291829672385,2.0,0.6303613085794829,0.9338265691259339,4.0,3.7353062765037355,2,1,4
move,"[""move"", 2, 1, 5]",3.0,1.8951368765809107,3.0,0.6399536815774032,1.2675452790791568,6.0,7.605271674474941,2,1,5
move,"[""move"", 2, 1, 6]",2.0,1.0322269376196402,2.0,0.6035665833580012,0.8178967604888207,4.0,3.2715870419552826,2,1,6
move,"[""move"", 2, 1, 7]",2.0,0.4530447170966099,1.0,0.6734662594939209,0.5265185645623802,3.0,1.5795556936871407,2,1,7
move,"[""move"", 2, 1, 8]",3.0,1.5758673255026778,3.0,0.6577471933766165,1.116807259439647,6.0,6.7008435566378814,2,1,8
move,"[""move"", 2, 1, 9]",2.0,0.4064306005840834,1.0,0.7072940940951752,0.5067184317544474,3.0,1.5201552952633421,2,1,9
move,"[""move"", 2, 2, 0]",2.0,1.1106876950723321,2.0,0.6624263628241153,0.8865570289482236,4.0,3.5462281157928945,2,2,0
move,"[""move"", 2, 2, 1]",2.0,1.5909240309557016,2.0,0.6483977197167109,1.1196608753362063,4.0,4.478643501344825,2,2,1
move,"[""move"", 2, 2, 3]",3.0,1.5037033394805928,3.0,0.6772076121193757,1.090455475799984,6.0,6.542732854799905,2,2,3
move,"[""move"", 2, 2, 4]",2.0,1.4349214735572657,2.0,0.7283219143142098,1.0816216939357377,4.0,4.326486775742951,2,2,4
move,"[""move"", 2, 2, 5]",2.0,1.4293438867285022,2.0,0.6116765107403688,1.0205101987344354,4.0,4.0820407949377415,2,2,5
move,"[""move"", 2, 2, 6]",2.0,1.3590011705966942,2.0,0.6622583973084615,1.0106297839525777,4.0,4.042519135810311,2,2,6
move,"[""move"", 2, 2, 7]",2.0,1.2418871369856737,2.0,0.6405250880962752,0.9412061125409745,4.0,3.764824450163898,2,2,7
move,"[""move"", 2, 2, 8]",2.0,1.0708286510689802,2.0,0.6626933884812811,0.8667610197751308,4.0,3.467044079100523,2,2,8
move,"[""move"", 2, 2, 9]",2.0,1.200314210117873,2.0,0.6962969876949032,0.9483055989063882,4.0,3.793222395625553,2,2,9
move,"[""move"", 2, 3, 0]",3.0,1.6464412369958736,3.0,0.6489412944003036,1.1476912656980884,6.0,6.886147594188531,2,3,0
move,"[""move"", 2, 3, 1]",2.0,1.3101958364535742,2.0,0.5955080009562286,0.9528519187049016,4.0,3.8114076748196064,2,3,1
move,"[""move"", 2, 3, 2]",2.0,1.6316011886620168,2.0,0.6283379169054202,1.1299695527837186,4.0,4.519878211134874,2,3,2
move,"[""move"", 2, 3, 4]",2.0,1.5354934364447859,2.0,0.6896396724571753,1.1125665544509806,4.0,4.4502662178039225,2,3,4
move,"[""move"", 2, 3, 5]",2.0,0.4963917973798091,1.0,0.5796781143522179,0.5241539030372787,3.0,1.572461709111836,2,3,5
move,"[""move"", 2, 3, 6]",2.0,1.3093642536347063,2.0,0.6325367851476096,0.970950519391158,4.0,3.883802077564632,2,3,6
move,"[""move"", 2, 3, 7]",2.0,1.083556439214409,2.0,0.6601257292637244,0.8718410842390667,4.0,3.487364336956267,2,3,7
move,"[""move"", 2, 3, 8]",2.0,1.2020864894160153,2.0,0.7017083046427778,0.9518973970293966,4.0,3.8075895881175863,2,3,8
move,"[""move"", 2, 3, 9]",2.0,1.2912807028952389,2.0,0.7059467312031752,0.9986137170492069,4.0,3.9944548681968275,2,3,9
move,"[""move"", 2, 4, 0]",2.0,1.766604601792792,2.0,0.5956644253725787,1.1811345135826854,4.0,4.724538054330742,2,4,0
move,"[""move"", 2, 4, 1]",2.0,1.3787718893294167,2.0,0.5615199739534114,0.970145931641414,4.0,3.880583726565656,2,4,1
move,"[""move"", 2, 4, 2]",2.0,1.2768909442874887,2.0,0.6424240535797119,0.9596574989336004,4.0,3.8386299957344017,2,4,2
move,"[""move"", 2, 4, 3]",2.0,1.2741884555101075,2.0,0.6755457573113404,0.9748671064107239,4.0,3.8994684256428958,2,4,3
move,"[""move"", 2, 4, 5]",2.0,1.2195204990745494,2.0,0.6854015341768687,0.9524610166257091,4.0,3.8098440665028366,2,4,5
move,"[""move"", 2, 4, 6]",2.0,1.2922221147311928,2.0,0.6749115989153006,0.9835668568232466,4.0,3.9342674272929865,2,4,6
move,"[""move"", 2, 4, 7]",2.0,1.263957325592306,2.0,0.6714727199472151,0.9677150227697606,4.0,3.8708600910790425,2,4,7
move,"[""move"", 2, 4, 8]",2.0,1.3770703989415418,2.0,0.6936226202435207,1.0353465095925312,4.0,4.141386038370125,2,4,8
move,"[""move"", 2, 4, 9]",2.0,1.142138879378221,2.0,0.7127218228036565,0.9274303510909387,4.0,3.709721404363755,2,4,9
move,"[""move"", 2, 5, 0]",2.0,1.716850652912707,2.0,0.5928613067513102,1.1548559798320086,4.0,4.619423919328034,2,5,0
move,"[""move"", 2, 5, 1]",2.0,1.3500038849962512,2.0,0.5629821568086246,0.9564930209024379,4.0,3.8259720836097517,2,5,1
move,"[""move"", 2, 5, 2]",2.0,1.5797119089076594,2.0,0.6871559733871828,1.1334339411474212,4.0,4.533735764589685,2,5,2
move,"[""move"", 2, 5, 3]",2.0,1.3424099849334121,2.0,0.618692098646008,0.9805510417897101,4.0,3.9222041671588403,2,5,3
move,"[""move"", 2, 5, 4]",2.0,1.2425239039274167,2.0,0.6766588847929063,0.9595913943601615,4.0,3.838365577440646,2,5,4
move,"[""move"", 2, 5, 6]",2.0,1.4473454371061585,2.0,0.7019979432474841,1.0746716901768212,4.0,4.298686760707285,2,5,6
move,"[""move"", 2, 5, 7]",2.0,1.397653484041243,2.0,0.6921927194224461,1.0449231017318446,4.0,4.179692406927378,2,5,7
move,"[""move"", 2, 5, 8]",3.0,1.7013119537311197,3.0,0.6963759376793002,1.19884394570521,6.0,7.19306367423126,2,5,8
move,"[""move"", 2, 5, 9]",2.0,1.2680473147519644,2.0,0.6923421720220564,0.9801947433870104,4.0,3.9207789735480416,2,5,9
move,"[""move"", 2, 6, 0]",2.0,1.3278311494382828,2.0,0.652974092658599,0.9904026210484409,4.0,3.9616104841937636,2,6,0
move,"[""move"", 2, 6, 1]",2.0,1.440779917741086,2.0,0.5639166440508283,1.0023482808959572,4.0,4.009393123583829,2,6,1
move,"[""move"", 2, 6, 2]",2.0,1.674569616164662,2.0,0.6651370004001149,1.1698533082823883,4.0,4.679413233129553,2,6,2
move,"[""move"", 2, 6, 3]",2.0,1.889774059405219,2.0,0.6823848498189862,1.2860794546121026,4.0,5.14431781844841,2,6,3
move,"[""move"", 2, 6, 4]",3.0,1.4640831317097343,3.0,0.686408673018993,1.0752459023643635,6.0,6.451475414186181,2,6,4
move,"[""move"", 2, 6, 5]",2.0,1.2016248844665967,2.0,0.6699948897976256,0.9358098871321111,4.0,3.7432395485284444,2,6,5
move,"[""move"", 2, 6, 7]",2.0,1.2627134332426038,2.0,0.6647349443607586,0.9637241888016812,4.0,3.854896755206725,2,6,7
move,"[""move"", 2, 6, 8]",2.0,1.2378848364216308,2.0,0.6746900756997511,0.956287456060691,4.0,3.825149824242764,2,6,8
move,"[""move"", 2, 6, 9]",2.0,1.1908872661277006,2.0,0.6959073875264215,0.943397326827061,4.0,3.773589307308244,2,6,9
move,"[""move"", 2, 7, 0]",2.0,1.124201329479991,2.0,0.6235072902294871,0.8738543098547391,4.0,3.4954172394189564,2,7,0
move,"[""move"", 2, 7, 1]",2.0,1.3827625045821672,2.0,0.6795651025208462,1.0311638035515065,4.0,4.124655214206026,2,7,1
move,"[""move"", 2, 7, 2]",2.0,1.4270402677905434,2.0,0.6607007667156979,1.0438705172531206,4.0,4.1754820690124825,2,7,2
move,"[""move"", 2, 7, 3]",1.0,1.4619899862228791,1.0,0.644979487185699,1.053484736704289,2.0,2.106969473408578,2,7,3
move,"[""move"", 2, 7, 4]",2.0,1.348447148439682,2.0,0.6754174798791897,1.0119323141594359,4.0,4.047729256637743,2,7,4
move,"[""move"", 2, 7, 5]",2.0,1.3031092096391785,2.0,0.6654224632601761,0.9842658364496774,4.0,3.9370633457987094,2,7,5
move,"[""move"", 2, 7, 6]",2.0,1.279227837039683,2.0,0.6584818487837383,0.9688548429117108,4.0,3.875419371646843,2,7,6
move,"[""move"", 2, 7, 8]",2.0,1.4071803586079774,2.0,0.7204175290087849,1.0637989438083812,4.0,4.255195775233525,2,7,8
move,"[""move"", 2, 7, 9]",2.0,1.2189608177697424,2.0,0.674000571401187,0.9464806945854647,4.0,3.7859227783418588,2,7,9
move,"[""move"", 2, 8, 0]",2.0,1.442433856443607,2.0,0.6884976724609608,1.065465764452284,4.0,4.261863057809136,2,8,0
move,"[""move"", 2, 8, 1]",2.0,1.364644827499998,2.0,0.6969223870625195,1.0307836072812588,4.0,4.123134429125035,2,8,1
move,"[""move"", 2, 8, 2]",2.0,1.0324474104073764,2.0,0.6755630054259859,0.8540052079166812,4.0,3.416020831666725,2,8,2
move,"[""move"", 2, 8, 3]",2.0,1.3429025625490876,2.0,0.6814391029569736,1.0121708327530305,4.0,4.048683331012122,2,8,3
move,"[""move"", 2, 8, 4]",2.0,1.3978501998458777,2.0,0.666345322962764,1.0320977614043207,4.0,4.128391045617283,2,8,4
move,"[""move"", 2, 8, 5]",2.0,1.367384385650075,2.0,0.6551909258657775,1.0112876557579262,4.0,4.045150623031705,2,8,5
move,"[""move"", 2, 8, 6]",3.0,1.2536297868285313,3.0,0.6913322192887592,0.9724810030586454,6.0,5.834886018351872,2,8,6
move,"[""move"", 2, 8, 7]",2.0,1.3640118273960267,2.0,0.685602322695737,1.0248070750458818,4.0,4.099228300183527,2,8,7
move,"[""move"", 2, 8, 9]",3.0,1.5501199177473346,3.0,0.6713059642126096,1.1107129409799719,6.0,6.664277645879832,2,8,9
move,"[""move"", 2, 9, 0]",2.0,1.3551603655152658,2.0,0.6944380967727444,1.024799231144005,4.0,4.09919692457602,2,9,0
move,"[""move"", 2, 9, 1]",2.0,1.9320736655361157,2.0,0.7127250064080095,1.3223993359720627,4.0,5.289597343888251,2,9,1
move,"[""move"", 2, 9, 2]",2.0,1.0298502686497244,2.0,0.6733804917002206,0.8516153801749726,4.0,3.4064615206998905,2,9,2
move,"[""move"", 2, 9, 3]",2.0,1.432965126513965,2.0,0.672289113111084,1.0526271198125243,4.0,4.210508479250097,2,9,3
move,"[""move"", 2, 9, 4]",2.0,1.322652453103894,2.0,0.6588255482885657,0.9907390006962298,4.0,3.962956002784919,2,9,4
move,"[""move"", 2, 9, 5]",2.0,1.4913900920871508,2.0,0.6673590030204533,1.079374547553802,4.0,4.317498190215208,2,9,5
move,"[""move"", 2, 9, 6]",2.0,1.360228612541736,2.0,0.7080889381315169,1.0341587753366264,4.0,4.1366351013465055,2,9,6
move,"[""move"", 2, 9, 7]",2.0,1.4954547590015956,2.0,0.7085862332699676,1.1020204961357816,4.0,4.408081984543126,2,9,7
move,"[""move"", 2, 9, 8]",3.0,1.6875283602385733,3.0,0.6721395427695129,1.179833951504043,6.0,7.079003709024258,2,9,8
move,"[""move"", 20, 6, 0]",1.0,2.1574306893651016,1.0,0.47855483994069214,1.3179927646528968,2.0,2.6359855293057937,20,6,0
move,"[""move"", 20, 6, 2]",1.0,0.815939691086669,1.0,0.5866239208753489,0.7012818059810089,2.0,1.4025636119620177,20,6,2
move,"[""move"", 22, 0, 1]",3.0,1.833655694373986,3.0,0.6580936916064628,1.2458746929902242,6.0,7.475248157941346,22,0,1
move,"[""move"", 22, 0, 2]",2.0,1.2733404307597649,2.0,0.6255860678055615,0.9494632492826632,4.0,3.797852997130653,22,0,2
move,"[""move"", 22, 0, 3]",2.0,1.6263872939811805,2.0,0.6136325007572879,1.1200098973692343,4.0,4.480039589476937,22,0,3
move,"[""move"", 22, 0, 4]",2.0,1.818111494010346,2.0,0.6221652279574273,1.2201383609838867,4.0,4.880553443935547,22,0,4
move,"[""move"", 22, 0, 5]",2.0,1.592978608883822,2.0,0.6418544918756979,1.11741655037976,4.0,4.46966620151904,22,0,5
move,"[""move"", 22, 0, 6]",3.0,1.9107980133277103,3.0,0.7143930608933627,1.3125955371105364,6.0,7.875573222663219,22,0,6
move,"[""move"", 22, 0, 7]",2.0,0.9022217633556929,2.0,0.6332440683995808,0.7677329158776369,4.0,3.0709316635105477,22,0,7
move,"[""move"", 22, 0, 8]",2.0,1.5540076952568427,2.0,0.6829240658182543,1.1184658805375487,4.0,4.473863522150195,22,0,8
move,"[""move"", 22, 0, 9]",2.0,1.830873791594306,2.0,0.704892053480289,1.2678829225372976,4.0,5.0715316901491905,22,0,9
move,"[""move"", 22, 1, 0]",2.0,1.5023767529138028,2.0,0.6243295830640221,1.0633531679889123,4.0,4.253412671955649,22,1,0
move,"[""move"", 22, 1, 2]",3.0,1.5575002940722849,3.0,0.7067336195875383,1.1321169568299116,6.0,6.79270174097947,22,1,2
move,"[""move"", 22, 1, 3]",3.0,1.7453905813563182,3.0,0.6665116807865844,1.2059511310714512,6.0,7.2357067864287075,22,1,3
move,"[""move"", 22, 1, 4]",2.0,1.4308263429470387,2.0,0.6324817416011732,1.031654042274106,4.0,4.126616169096424,22,1,4
move,"[""move"", 22, 1, 5]",3.0,1.5527228556491173,3.0,0.6813959069005849,1.1170593812748513,6.0,6.702356287649107,22,1,5
move,"[""move"", 22, 1, 6]",2.0,1.745555598337188,2.0,0.6950006649255633,1.2202781316313758,4.0,4.881112526525503,22,1,6
move,"[""move"", 22, 1, 7]",2.0,0.912996315329164,2.0,0.634321523596928,0.773658919463046,4.0,3.094635677852184,22,1,7
move,"[""move"", 22, 1, 8]",2.0,1.8028359124708637,2.0,0.712168491527706,1.257502201999285,4.0,5.03000880799714,22,1,8
move,"[""move"", 22, 1, 9]",3.0,1.1014878117651374,2.0,0.6947440482930055,0.9387903063762846,5.0,4.693951531881423,22,1,9
move,"[""move"", 22, 2, 0]",3.0,1.4951022866541581,3.0,0.6410550730171027,1.0680786798356303,6.0,6.408472079013782,22,2,0
move,"[""move"", 22, 2, 1]",2.0,1.6941395139804758,2.0,0.6006271384456654,1.1473833262130708,4.0,4.589533304852283,22,2,1
move,"[""move"", 22, 2, 3]",3.0,1.7328760339929437,3.0,0.660336998781052,1.1966065163869979,6.0,7.179639098321987,22,2,3
move,"[""move"", 22, 2, 4]",2.0,1.7501005367451627,2.0,0.6288438361258775,1.1894721864355202,4.0,4.757888745742081,22,2,4
move,"[""move"", 22, 2, 5]",3.0,1.503999082551715,3.0,0.6939258500895299,1.0989624663206226,6.0,6.593774797923736,22,2,5
move,"[""move"", 22, 2, 6]",3.0,1.5453876015719707,3.0,0.7191387104081848,1.1322631559900778,6.0,6.793578935940467,22,2,6
move,"[""move"", 22, 2, 7]",2.0,1.5148455125376936,2.0,0.6897470593870725,1.102296285962383,4.0,4.409185143849532,22,2,7
move,"[""move"", 22, 2, 8]",2.0,1.5060467841016938,2.0,0.6885101086575948,1.0972784463796443,4.0,4.389113785518577,22,2,8
move,"[""move"", 22, 2, 9]",2.0,1.3939207120804942,2.0,0.6778418883452557,1.0358813002128748,4.0,4.143525200851499,22,2,9
move,"[""move"", 22, 3, 0]",3.0,1.5081929225376207,3.0,0.642364136605449,1.0752785295715348,6.0,6.451671177429208,22,3,0
move,"[""move"", 22, 3, 1]",3.0,1.6581871268840656,3.0,0.6713932029928867,1.164790164938476,6.0,6.988740989630855,22,3,1
move,"[""move"", 22, 3, 2]",2.0,1.294405064252303,2.0,0.6045435995752698,0.9494743319137865,4.0,3.797897327655146,22,3,2
move,"[""move"", 22, 3, 4]",2.0,2.115756811268195,2.0,0.6457789274995394,1.3807678693838672,4.0,5.523071477535469,22,3,4
move,"[""move"", 22, 3, 5]",2.0,1.8409029570849786,2.0,0.602016763238955,1.2214598601619668,4.0,4.885839440647867,22,3,5
move,"[""move"", 22, 3, 6]",3.0,1.524451529146816,3.0,0.7076254957914477,1.1160385124691319,6.0,6.696231074814792,22,3,6
move,"[""move"", 22, 3, 7]",2.0,1.4261643264232073,2.0,0.6873749747827745,1.0567696506029909,4.0,4.2270786024119635,22,3,7
move,"[""move"", 22, 3, 8]",2.0,1.7944208431984967,2.0,0.6315204833323935,1.2129706632654451,4.0,4.8518826530617805,22,3,8
move,"[""move"", 22, 3, 9]",2.0,1.4945158915488799,2.0,0.7045463105503361,1.099531101049608,4.0,4.398124404198432,22,3,9
move,"[""move"", 22, 4, 0]",3.0,1.6266237014125648,3.0,0.65560019682353,1.1411119491180475,6.0,6.846671694708285,22,4,0
move,"[""move"", 22, 4, 1]",2.0,1.7259450751765817,2.0,0.603807694565276,1.1648763848709287,4.0,4.659505539483715,22,4,1
move,"[""move"", 22, 4, 2]",2.0,1.9513524713782062,2.0,0.6146855353754368,1.2830190033768214,4.0,5.132076013507286,22,4,2
move,"[""move"", 22, 4, 3]",2.0,1.790932145728942,2.0,0.6334553332000575,1.2121937394644997,4.0,4.848774957857999,22,4,3
move,"[""move"", 22, 4, 5]",2.0,1.70718922187636,2.0,0.6812734025414309,1.1942313122088954,4.0,4.776925248835582,22,4,5
move,"[""move"", 22, 4, 6]",2.0,2.1130078767209386,2.0,0.7080403478142654,1.4105241122676018,4.0,5.642096449070407,22,4,6
move,"[""move"", 22, 4, 7]",2.0,1.641046491324242,2.0,0.7025600607295391,1.1718032760268904,4.0,4.6872131041075615,22,4,7
move,"[""move"", 22, 4, 8]",2.0,2.2018180284059867,2.0,0.6902353663897937,1.4460266973978904,4.0,5.784106789591561,22,4,8
move,"[""move"", 22, 4, 9]",3.0,2.1132195400115616,3.0,0.7237794742412301,1.418499507126396,6.0,8.510997042758376,22,4,9
move,"[""move"", 22, 5, 0]",3.0,1.0045511289545261,2.0,0.644802771156602,0.8606517858353564,5.0,4.303258929176782,22,5,0
move,"[""move"", 22, 5, 1]",3.0,1.6790173113015696,3.0,0.6938116095516492,1.1864144604266096,6.0,7.118486762559657,22,5,1
move,"[""move"", 22, 5, 2]",3.0,1.8355022293330798,3.0,0.7026771484766655,1.2690896889048726,6.0,7.614538133429236,22,5,2
move,"[""move"", 22, 5, 3]",2.0,2.0444239897532963,2.0,0.6276796697750905,1.3360518297641935,4.0,5.344207319056774,22,5,3
move,"[""move"", 22, 5, 4]",3.0,1.809895813221363,3.0,0.6629552016687851,1.236425507445074,6.0,7.418553044670444,22,5,4
move,"[""move"", 22, 5, 6]",2.0,1.4500546138903823,2.0,0.7110418858454648,1.0805482498679235,4.0,4.322192999471694,22,5,6
move,"[""move"", 22, 5, 7]",2.0,1.416316391416773,2.0,0.730408092656191,1.073362242036482,4.0,4.293448968145928,22,5,7
move,"[""move"", 22, 5, 8]",2.0,1.812758954778059,2.0,0.6756366962223281,1.2441978255001935,4.0,4.976791302000774,22,5,8
move,"[""move"", 22, 5, 9]",3.0,1.3773132023679322,3.0,0.7151853526185629,1.0462492774932475,6.0,6.277495664959485,22,5,9
move,"[""move"", 22, 6, 0]",3.0,1.077416902605954,2.0,0.6623702306590418,0.9113982338271891,5.0,4.556991169135945,22,6,0
move,"[""move"", 22, 6, 1]",2.0,1.5003804200278634,2.0,0.6704289016509943,1.0854046608394288,4.0,4.341618643357715,22,6,1
move,"[""move"", 22, 6, 2]",2.0,1.3824560093993434,2.0,0.7028973148623338,1.0426766621308385,4.0,4.170706648523354,22,6,2
move,"[""move"", 22, 6, 3]",3.0,1.7310160228839122,3.0,0.6601509976701488,1.1955835102770307,6.0,7.173501061662184,22,6,3
move,"[""move"", 22, 6, 4]",2.0,1.5909583728239653,2.0,0.7116781904008416,1.1513182816124035,4.0,4.605273126449614,22,6,4
move,"[""move"", 22, 6, 5]",3.0,1.6218085174562062,3.0,0.7123164353017196,1.1670624763789628,6.0,7.002374858273777,22,6,5
move,"[""move"", 22, 6, 7]",2.0,1.4779790848390508,2.0,0.7115446068774548,1.0947618458582529,4.0,4.3790473834330115,22,6,7
move,"[""move"", 22, 6, 8]",3.0,2.0903541316728327,3.0,0.7238745309912518,1.407114331332042,6.0,8.442685987992252,22,6,8
move,"[""move"", 22, 6, 9]",2.0,1.3244322732425438,2.0,0.707375154048476,1.0159037136455098,4.0,4.063614854582039,22,6,9
move,"[""move"", 22, 7, 0]",2.0,1.7128839041930004,2.0,0.7169162719959851,1.214900088094493,4.0,4.859600352377972,22,7,0
move,"[""move"", 22, 7, 1]",2.0,1.85772575254612,2.0,0.7026075275857053,1.2801666400659126,4.0,5.1206665602636505,22,7,1
move,"[""move"", 22, 7, 2]",3.0,1.5112395316946043,3.0,0.6886165888618523,1.0999280602782282,6.0,6.599568361669369,22,7,2
move,"[""move"", 22, 7, 3]",2.0,1.9615578729779886,2.0,0.7102900388339275,1.3359239559059581,4.0,5.3436958236238326,22,7,3
move,"[""move"", 22, 7, 4]",2.0,1.5249405673757717,2.0,0.7304661013389225,1.127703334357347,4.0,4.510813337429388,22,7,4
move,"[""move"", 22, 7, 5]",2.0,1.770808194406133,2.0,0.699845026804085,1.2353266106051088,4.0,4.941306442420435,22,7,5
move,"[""move"", 22, 7, 6]",2.0,1.1105509379145877,2.0,0.7252329652808005,0.917891951597694,4.0,3.671567806390776,22,7,6
move,"[""move"", 22, 7, 8]",2.0,1.6169128887469277,2.0,0.7365417282762244,1.1767273085115761,4.0,4.706909234046305,22,7,8
move,"[""move"", 22, 7, 9]",2.0,1.413520458971533,2.0,0.735250790886177,1.074385624928855,4.0,4.29754249971542,22,7,9
move,"[""move"", 22, 8, 0]",3.0,1.4503409122562456,3.0,0.7131640026861389,1.0817524574711923,6.0,6.490514744827154,22,8,0
move,"[""move"", 22, 8, 1]",3.0,1.7059512867591946,3.0,0.719850143262721,1.2129007150109576,6.0,7.277404290065746,22,8,1
move,"[""move"", 22, 8, 2]",2.0,1.423112364350342,2.0,0.732352641840334,1.077732503095338,4.0,4.310930012381352,22,8,2
move,"[""move"", 22, 8, 3]",2.0,2.020580361265213,2.0,0.7274104144461961,1.3739953878557047,4.0,5.495981551422819,22,8,3
move,"[""move"", 22, 8, 4]",2.0,1.661708441840795,2.0,0.7098470765802158,1.1857777592105054,4.0,4.743111036842022,22,8,4
move,"[""move"", 22, 8, 5]",2.0,1.5083506069321637,2.0,0.7078207422644914,1.1080856745983276,4.0,4.4323426983933105,22,8,5
move,"[""move"", 22, 8, 6]",2.0,1.4283636912701203,2.0,0.7335917515412398,1.0809777214056802,4.0,4.323910885622721,22,8,6
move,"[""move"", 22, 8, 7]",2.0,1.4162370194833338,2.0,0.7304001554628471,1.0733185874730906,4.0,4.2932743498923625,22,8,7
move,"[""move"", 22, 8, 9]",2.0,1.3444677078272065,2.0,0.7093786975069423,1.0269232026670743,4.0,4.107692810668297,22,8,9
move,"[""move"", 22, 9, 0]",2.0,1.4046591549609246,2.0,0.7310030945016752,1.0678311247313,4.0,4.2713244989252,22,9,0
move,"[""move"", 22, 9, 1]",3.0,1.7796139050046527,3.0,0.7092853816543543,1.2444496433295036,6.0,7.466697859977021,22,9,1
move,"[""move"", 22, 9, 2]",2.0,1.118254795323098,2.0,0.7001679859429188,0.9092113906330084,4.0,3.6368455625320335,22,9,2
move,"[""move"", 22, 9, 3]",2.0,1.6125271852023733,2.0,0.6982091914819409,1.1553681883421572,4.0,4.621472753368629,22,9,3
move,"[""move"", 22, 9, 4]",2.0,1.813408280447282,2.0,0.7050856425268052,1.2592469614870434,4.0,5.036987845948174,22,9,4
move,"[""move"", 22, 9, 5]",3.0,1.4579232212821989,3.0,0.7103863982217882,1.0841548097519935,6.0,6.504928858511961,22,9,5
move,"[""move"", 22, 9, 6]",2.0,1.4489560485082151,2.0,0.7143821763197482,1.0816691124139814,4.0,4.326676449655926,22,9,6
move,"[""move"", 22, 9, 7]",2.0,0.9417030635152479,2.0,0.6556780865623824,0.7986905750388151,4.0,3.1947623001552605,22,9,7
move,"[""move"", 22, 9, 8]",2.0,1.521561608905626,2.0,0.6959368337200527,1.1087492213128394,4.0,4.4349968852513575,22,9,8
move,"[""move"", 23, 0, 2]",1.0,1.8012242223236599,1.0,0.6486847668048878,1.2249544945642739,2.0,2.4499089891285477,23,0,2
move,"[""move"", 23, 0, 3]",1.0,1.47024683762754,1.0,0.6026716572477758,1.036459247437658,2.0,2.072918494875316,23,0,3
move,"[""move"", 23, 0, 5]",1.0,1.564062186714652,1.0,0.6637563222065018,1.1139092544605769,2.0,2.2278185089211537,23,0,5
move,"[""move"", 23, 0, 6]",1.0,0.9108937071347412,1.0,0.546741802422449,0.728817754778595,2.0,1.45763550955719,23,0,6
move,"[""move"", 23, 1, 3]",1.0,1.6584883461129705,1.0,0.634411179183819,1.1464497626483947,2.0,2.2928995252967894,23,1,3
move,"[""move"", 23, 1, 6]",1.0,0.8406118272982821,1.0,0.5397136144388031,0.6901627208685426,2.0,1.3803254417370852,23,1,6
move,"[""move"", 23, 2, 0]",2.0,0.219792983409687,1.0,0.6127893476615442,0.35079177149363944,3.0,1.0523753144809183,23,2,0
move,"[""move"", 23, 2, 1]",2.0,0.35915638375002923,1.0,0.6085560236193011,0.4422895970397865,3.0,1.3268687911193595,23,2,1
move,"[""move"", 23, 2, 4]",1.0,1.7540245833859307,1.0,0.6535511464238365,1.2037878649048837,2.0,2.4075757298097673,23,2,4
move,"[""move"", 23, 2, 5]",2.0,0.3863366175229497,1.0,0.592056463144094,0.4549098993966645,3.0,1.3647296981899935,23,2,5
move,"[""move"", 23, 2, 6]",1.0,0.8876683734743417,1.0,0.544419269056409,0.7160438212653754,2.0,1.4320876425307507,23,2,6
move,"[""move"", 23, 3, 0]",2.0,0.07778274574839328,1.0,0.5486928913003681,0.23475279426571824,3.0,0.7042583827971547,23,3,0
move,"[""move"", 23, 3, 1]",1.0,-0.3459446260096846,0.0,0.0,-0.3459446260096846,1.0,-0.3459446260096846,23,3,1
move,"[""move"", 23, 3, 2]",1.0,1.8401614745768307,1.0,0.6913662509927196,1.2657638627847752,2.0,2.5315277255695503,23,3,2
move,"[""move"", 23, 3, 4]",1.0,1.9230781782774167,1.0,0.6704565059129851,1.2967673420952008,2.0,2.5935346841904017,23,3,4
move,"[""move"", 23, 3, 5]",1.0,-0.34037603878338324,0.0,0.0,-0.34037603878338324,1.0,-0.34037603878338324,23,3,5
move,"[""move"", 23, 3, 6]",1.0,1.0550251879290358,1.0,0.5611549505018784,0.8080900692154571,2.0,1.6161801384309142,23,3,6
move,"[""move"", 23, 4, 1]",1.0,1.7201538952857451,1.0,0.6793654930636112,1.1997596941746782,2.0,2.3995193883493564,23,4,1
move,"[""move"", 23, 4, 2]",1.0,1.2928445940739128,1.0,0.6397628437023406,0.9663037188881267,2.0,1.9326074377762534,23,4,2
move,"[""move"", 23, 4, 3]",1.0,1.3999711224938025,1.0,0.6504754965443296,1.025223309519066,2.0,2.050446619038132,23,4,3
move,"[""move"", 23, 4, 5]",1.0,1.7276540238395497,1.0,0.6801155059189916,1.2038847648792705,2.0,2.407769529758541,23,4,5
move,"[""move"", 23, 5, 0]",1.0,1.6156211475511952,1.0,0.639710802840363,1.1276659751957792,2.0,2.2553319503915583,23,5,0
move,"[""move"", 23, 5, 2]",1.0,1.4496973825418276,1.0,0.6554481225491321,1.0525727525454798,2.0,2.1051455050909595,23,5,2
move,"[""move"", 23, 5, 3]",1.0,1.8165271509261944,1.0,0.6502150596651413,1.2333711052956677,2.0,2.4667422105913355,23,5,3
move,"[""move"", 23, 6, 0]",1.0,-0.8517525595554614,0.0,0.0,-0.8517525595554614,1.0,-0.8517525595554614,23,6,0
move,"[""move"", 23, 6, 1]",1.0,-0.6048962738239458,0.0,0.0,-0.6048962738239458,1.0,-0.6048962738239458,23,6,1
move,"[""move"", 23, 6, 2]",1.0,1.4838751108131802,1.0,0.6588658953762674,1.0713705030947238,2.0,2.1427410061894476,23,6,2
move,"[""move"", 23, 6, 4]",1.0,1.8373027407997005,1.0,0.6591198145652135,1.248211277682457,2.0,2.496422555364914,23,6,4
move,"[""move"", 23, 6, 5]",1.0,0.9993134927226162,1.0,0.7199689548395648,0.8596412237810904,2.0,1.7192824475621808,23,6,5
move,"[""move"", 23, 7, 0]",1.0,-0.6250027548085608,0.0,0.0,-0.6250027548085608,1.0,-0.6250027548085608,23,7,0
move,"[""move"", 23, 7, 1]",1.0,-0.4283228056176971,0.0,0.0,-0.4283228056176971,1.0,-0.4283228056176971,23,7,1
move,"[""move"", 23, 7, 5]",1.0,-0.30204831864350457,0.0,0.0,-0.30204831864350457,1.0,-0.30204831864350457,23,7,5
move,"[""move"", 23, 8, 0]",1.0,-0.5204215571117077,0.0,0.0,-0.5204215571117077,1.0,-0.5204215571117077,23,8,0
move,"[""move"", 23, 8, 1]",1.0,-0.27568600272395116,0.0,0.0,-0.27568600272395116,1.0,-0.27568600272395116,23,8,1
move,"[""move"", 23, 8, 5]",1.0,-0.4546851215372505,0.0,0.0,-0.4546851215372505,1.0,-0.4546851215372505,23,8,5
move,"[""move"", 23, 9, 0]",1.0,-0.5600975193949256,0.0,0.0,-0.5600975193949256,1.0,-0.5600975193949256,23,9,0
move,"[""move"", 23, 9, 1]",1.0,-0.31536196500716884,0.0,0.0,-0.31536196500716884,1.0,-0.31536196500716884,23,9,1
move,"[""move"", 23, 9, 5]",1.0,-0.42355126239289986,0.0,0.0,-0.42355126239289986,1.0,-0.42355126239289986,23,9,5
move,"[""move"", 24, 0, 1]",4.0,1.6114129175929122,4.0,0.656906169901923,1.1341595437474177,8.0,9.073276349979341,24,0,1
move,"[""move"", 24, 0, 2]",5.0,1.6504378823424417,5.0,0.6769337386829293,1.1636858105126857,10.0,11.636858105126857,24,0,2
move,"[""move"", 24, 0, 3]",4.0,1.4863613736307109,4.0,0.6403396994331951,1.063350536531953,8.0,8.506804292255625,24,0,3
move,"[""move"", 24, 0, 4]",4.0,1.6172228447581276,4.0,0.6096825521710376,1.1134526984645827,8.0,8.907621587716662,24,0,4
move,"[""move"", 24, 0, 5]",3.0,1.1084664984133994,3.0,0.6311368159176592,0.8698016571655293,6.0,5.218809942993175,24,0,5
move,"[""move"", 24, 0, 6]",4.0,1.6411702896750464,4.0,0.6013058294833163,1.1212380595791815,8.0,8.969904476633452,24,0,6
move,"[""move"", 24, 0, 7]",3.0,1.3727959692590073,3.0,0.6175185210500876,0.9951572451545475,6.0,5.970943470927285,24,0,7
move,"[""move"", 24, 0, 8]",5.0,1.9898467489595764,5.0,0.6850350643614194,1.3374409066604978,10.0,13.374409066604978,24,0,8
move,"[""move"", 24, 0, 9]",4.0,1.519893049311138,4.0,0.6568758796269263,1.0883844644690321,8.0,8.707075715752257,24,0,9
move,"[""move"", 24, 1, 0]",4.0,1.892252518448518,4.0,0.6307397099152825,1.2614961141819003,8.0,10.091968913455203,24,1,0
move,"[""move"", 24, 1, 2]",4.0,1.5921548508302408,4.0,0.6408575135086196,1.1165061821694304,8.0,8.932049457355443,24,1,2
move,"[""move"", 24, 1, 3]",4.0,1.4748974295236703,4.0,0.6545158692136417,1.0647066493686559,8.0,8.517653194949247,24,1,3
move,"[""move"", 24, 1, 4]",4.0,1.801296478555398,4.0,0.6084707275038407,1.2048836030296193,8.0,9.639068824236954,24,1,4
move,"[""move"", 24, 1, 5]",4.0,1.5681961160345415,4.0,0.6485576378287206,1.1083768769316311,8.0,8.867015015453049,24,1,5
move,"[""move"", 24, 1, 6]",3.0,1.3993162753802721,3.0,0.6221825536140179,1.010749414497145,6.0,6.064496486982869,24,1,6
move,"[""move"", 24, 1, 7]",4.0,1.4699442187845717,4.0,0.6599098970881285,1.0649270579363501,8.0,8.519416463490801,24,1,7
move,"[""move"", 24, 1, 8]",5.0,2.0438258849798285,5.0,0.6584708016535293,1.3511483433166789,10.0,13.511483433166788,24,1,8
move,"[""move"", 24, 1, 9]",3.0,1.3243753767479918,3.0,0.6324845960119766,0.9784299863799841,6.0,5.870579918279905,24,1,9
move,"[""move"", 24, 2, 0]",6.0,1.9256383331427671,6.0,0.6723026101900161,1.2989704716663917,12.0,15.587645659996701,24,2,0
move,"[""move"", 24, 2, 1]",4.0,1.430416632426544,4.0,0.6379738021933085,1.0341952173099263,8.0,8.27356173847941,24,2,1
move,"[""move"", 24, 2, 3]",3.0,1.2083453779287259,3.0,0.6292579962577727,0.9188016870932492,6.0,5.512810122559495,24,2,3
move,"[""move"", 24, 2, 4]",4.0,1.79148444502025,4.0,0.6290177889615642,1.2102511169909074,8.0,9.682008935927259,24,2,4
move,"[""move"", 24, 2, 5]",5.0,1.7136093450362417,5.0,0.6471468326371161,1.180378088836679,10.0,11.803780888366791,24,2,5
move,"[""move"", 24, 2, 6]",4.0,1.5205244201193526,4.0,0.6157138960593145,1.0681191580893334,8.0,8.544953264714668,24,2,6
move,"[""move"", 24, 2, 7]",3.0,1.4003248485016195,3.0,0.6161893178979994,1.0082570831998094,6.0,6.049542499198856,24,2,7
move,"[""move"", 24, 2, 8]",3.0,1.0848964126428353,3.0,0.6174839146875393,0.8511901636651872,6.0,5.107140981991123,24,2,8
move,"[""move"", 24, 2, 9]",4.0,1.63194958429973,4.0,0.6318176418940988,1.1318836130969145,8.0,9.055068904775316,24,2,9
move,"[""move"", 24, 3, 0]",4.0,1.7980388457040233,4.0,0.6052777419294252,1.2016582938167242,8.0,9.613266350533793,24,3,0
move,"[""move"", 24, 3, 1]",4.0,1.3936317518725583,4.0,0.5919788159018486,0.9928052838872035,8.0,7.942442271097628,24,3,1
move,"[""move"", 24, 3, 2]",4.0,1.7503678260550561,4.0,0.6110673480155261,1.180717587035291,8.0,9.445740696282328,24,3,2
move,"[""move"", 24, 3, 4]",3.0,1.5615718054382637,3.0,0.6027504298661405,1.0821611176522021,6.0,6.492966705913213,24,3,4
move,"[""move"", 24, 3, 5]",5.0,2.033289496791327,5.0,0.6419385561702795,1.3376140264808034,10.0,13.376140264808035,24,3,5
move,"[""move"", 24, 3, 6]",4.0,1.6561513786512763,4.0,0.6596475999705786,1.1578994893109273,8.0,9.263195914487419,24,3,6
move,"[""move"", 24, 3, 7]",4.0,1.7655921039271472,4.0,0.6615276531667831,1.213559878546965,8.0,9.70847902837572,24,3,7
move,"[""move"", 24, 3, 8]",3.0,1.2707336431591456,3.0,0.6266151316559506,0.9486743874075482,6.0,5.692046324445289,24,3,8
move,"[""move"", 24, 3, 9]",4.0,1.2996542421879587,4.0,0.6414607266188832,0.9705574844034208,8.0,7.764459875227367,24,3,9
move,"[""move"", 24, 4, 0]",4.0,1.6973615469435654,4.0,0.6245616700699557,1.1609616085067604,8.0,9.287692868054084,24,4,0
move,"[""move"", 24, 4, 1]",4.0,1.58887038650703,4.0,0.638031013651352,1.113450700079191,8.0,8.907605600633527,24,4,1
move,"[""move"", 24, 4, 2]",4.0,1.4292470699934823,4.0,0.6326692781902985,1.0309581740918905,8.0,8.247665392735124,24,4,2
move,"[""move"", 24, 4, 3]",4.0,1.5231519029520015,4.0,0.6482211773946382,1.08568654017332,8.0,8.68549232138656,24,4,3
move,"[""move"", 24, 4, 5]",3.0,1.131521538073873,3.0,0.6479345799011439,0.8897280589875085,6.0,5.338368353925051,24,4,5
move,"[""move"", 24, 4, 6]",4.0,1.7310767423753277,4.0,0.6767067359348858,1.2038917391551067,8.0,9.631133913240854,24,4,6
move,"[""move"", 24, 4, 7]",4.0,1.3793270736315526,4.0,0.6602435275439607,1.0197853005877566,8.0,8.158282404702053,24,4,7
move,"[""move"", 24, 4, 8]",5.0,1.9659579028440533,5.0,0.667692067173955,1.316824985009004,10.0,13.168249850090039,24,4,8
move,"[""move"", 24, 4, 9]",4.0,1.434067395987729,4.0,0.6663317150472684,1.0501995555174988,8.0,8.40159644413999,24,4,9
move,"[""move"", 24, 5, 0]",4.0,1.4603432369160758,4.0,0.63060637944198,1.0454748081790277,8.0,8.363798465432222,24,5,0
move,"[""move"", 24, 5, 1]",3.0,1.1937171599368959,3.0,0.5659100527004709,0.8798136063186833,6.0,5.2788816379121,24,5,1
move,"[""move"", 24, 5, 2]",5.0,1.6358295098685063,5.0,0.6293887759098842,1.1326091428891953,10.0,11.326091428891953,24,5,2
move,"[""move"", 24, 5, 3]",4.0,1.6409885891945355,4.0,0.6216084879753505,1.131298538584943,8.0,9.050388308679544,24,5,3
move,"[""move"", 24, 5, 4]",4.0,1.7201357187205013,4.0,0.6361517890036479,1.178143753862075,8.0,9.4251500308966,24,5,4
move,"[""move"", 24, 5, 6]",3.0,1.8523624988346796,3.0,0.6266126498308229,1.2394875743327514,6.0,7.436925445996509,24,5,6
move,"[""move"", 24, 5, 7]",5.0,1.538728157907799,5.0,0.6826308377261732,1.110679497816986,10.0,11.10679497816986,24,5,7
move,"[""move"", 24, 5, 8]",4.0,1.6404380801028018,4.0,0.6485571496348868,1.1444976148688442,8.0,9.155980918950753,24,5,8
move,"[""move"", 24, 5, 9]",5.0,1.6763756177558662,5.0,0.6644417512564252,1.1704086845061454,10.0,11.704086845061454,24,5,9
move,"[""move"", 24, 6, 0]",3.0,1.2955724853508326,3.0,0.6035731304080459,0.9495728078794393,6.0,5.697436847276636,24,6,0
move,"[""move"", 24, 6, 1]",4.0,1.4553885990558686,4.0,0.627481571704752,1.0414350853803103,8.0,8.331480683042482,24,6,1
move,"[""move"", 24, 6, 2]",3.0,1.3022095013917683,3.0,0.622744881301626,0.9624771913466971,6.0,5.774863148080183,24,6,2
move,"[""move"", 24, 6, 3]",4.0,1.6431109421754946,4.0,0.6528070063789114,1.147958974277203,8.0,9.183671794217624,24,6,3
move,"[""move"", 24, 6, 4]",5.0,2.032497622915632,5.0,0.6791432367360423,1.3558204298258374,10.0,13.558204298258374,24,6,4
move,"[""move"", 24, 6, 5]",4.0,1.4455181072032317,4.0,0.6541954855510068,1.0498567963771193,8.0,8.398854371016954,24,6,5
move,"[""move"", 24, 6, 7]",3.0,1.2609267931571357,3.0,0.6408624033325028,0.9508945982448193,6.0,5.705367589468915,24,6,7
move,"[""move"", 24, 6, 8]",3.0,1.3659088769118322,3.0,0.6758572119984957,1.0208830444551638,6.0,6.125298266730983,24,6,8
move,"[""move"", 24, 6, 9]",6.0,1.875627058767494,6.0,0.6816230823827291,1.2786250705751117,12.0,15.34350084690134,24,6,9
move,"[""move"", 24, 7, 0]",3.0,1.2560217220680037,3.0,0.6443205465146923,0.9501711342913479,6.0,5.7010268057480875,24,7,0
move,"[""move"", 24, 7, 1]",4.0,1.4644805403789216,4.0,0.6433516627432861,1.0539161015611038,8.0,8.43132881248883,24,7,1
move,"[""move"", 24, 7, 2]",3.0,1.062161703634698,3.0,0.6292057127160576,0.8456837081753776,6.0,5.074102249052266,24,7,2
move,"[""move"", 24, 7, 3]",4.0,1.369448367755172,4.0,0.6664514149162019,1.017949891335687,8.0,8.143599130685496,24,7,3
move,"[""move"", 24, 7, 4]",4.0,1.8271590136847096,4.0,0.6574246264977265,1.2422918200912179,8.0,9.938334560729743,24,7,4
move,"[""move"", 24, 7, 5]",6.0,2.0423093279046296,6.0,0.687670752804042,1.3649900403543358,12.0,16.37988048425203,24,7,5
move,"[""move"", 24, 7, 6]",3.0,1.356366265630837,3.0,0.6857068755012697,1.0210365705660533,6.0,6.12621942339632,24,7,6
move,"[""move"", 24, 7, 8]",4.0,2.2093728911514754,4.0,0.6872596036196809,1.4483162473855784,8.0,11.586529979084627,24,7,8
move,"[""move"", 24, 7, 9]",6.0,1.9285899983620602,6.0,0.669411790275682,1.2990008943188713,12.0,15.588010731826456,24,7,9
move,"[""move"", 24, 8, 0]",4.0,1.5690708401267361,4.0,0.6516829077349899,1.110376873930863,8.0,8.883014991446904,24,8,0
move,"[""move"", 24, 8, 1]",3.0,1.221768462208884,3.0,0.6093088992989131,0.9155386807538987,6.0,5.493232084523392,24,8,1
move,"[""move"", 24, 8, 2]",4.0,1.5023989933411672,4.0,0.6397178991287513,1.0710584462349593,8.0,8.568467569879674,24,8,2
move,"[""move"", 24, 8, 3]",4.0,1.536505277745381,4.0,0.6257036365075372,1.0811044571264588,8.0,8.64883565701167,24,8,3
move,"[""move"", 24, 8, 4]",4.0,1.6319723506155976,4.0,0.6602557387034984,1.1461140446595481,8.0,9.168912357276385,24,8,4
move,"[""move"", 24, 8, 5]",5.0,1.857123571339061,5.0,0.6594220098927817,1.2582727906159215,10.0,12.582727906159214,24,8,5
move,"[""move"", 24, 8, 6]",4.0,1.7635329776897697,4.0,0.6745954841592354,1.2190642309245026,8.0,9.75251384739602,24,8,6
move,"[""move"", 24, 8, 7]",5.0,1.708816340287828,5.0,0.6650079570665544,1.1869121486771914,10.0,11.869121486771913,24,8,7
move,"[""move"", 24, 8, 9]",4.0,1.5282525323974938,4.0,0.6758252094210488,1.1020388709092714,8.0,8.816310967274172,24,8,9
move,"[""move"", 24, 9, 0]",4.0,1.4141056834218304,4.0,0.656476814769423,1.0352912490956268,8.0,8.282329992765014,24,9,0
move,"[""move"", 24, 9, 1]",5.0,1.714722830494751,5.0,0.6779246299448101,1.1963237302197807,10.0,11.963237302197806,24,9,1
move,"[""move"", 24, 9, 2]",4.0,1.546918175515202,4.0,0.6649100222177824,1.1059140988664922,8.0,8.847312790931937,24,9,2
move,"[""move"", 24, 9, 3]",5.0,1.757304693216253,5.0,0.6800139269661002,1.2186593100911767,10.0,12.186593100911766,24,9,3
move,"[""move"", 24, 9, 4]",4.0,1.5759916934505571,4.0,0.6506404166337852,1.1133160550421712,8.0,8.90652844033737,24,9,4
move,"[""move"", 24, 9, 5]",4.0,1.6582418143007662,4.0,0.6445788230214973,1.1514103186611317,8.0,9.211282549289054,24,9,5
move,"[""move"", 24, 9, 6]",4.0,1.655526973476277,4.0,0.6605906105605133,1.1580587920183953,8.0,9.264470336147163,24,9,6
move,"[""move"", 24, 9, 7]",5.0,1.7105430955295025,5.0,0.6794742563823835,1.1950086759559428,10.0,11.95008675955943,24,9,7
move,"[""move"", 24, 9, 8]",5.0,2.107917272903956,5.0,0.7048965248455813,1.4064068988747687,10.0,14.064068988747687,24,9,8
move,"[""move"", 28, 0, 6]",1.0,0.8205487750977796,1.0,0.6519486920187317,0.7362487335582557,2.0,1.4724974671165114,28,0,6
move,"[""move"", 28, 1, 6]",1.0,0.9225602484540615,1.0,0.6621498393543599,0.7923550439042106,2.0,1.5847100878084213,28,1,6
move,"[""move"", 28, 2, 6]",1.0,0.8933560565928169,1.0,0.6592294201682354,0.7762927383805261,2.0,1.5525854767610523,28,2,6
move,"[""move"", 28, 2, 8]",1.0,0.9933355228763038,1.0,0.6692273667965841,0.831281444836444,2.0,1.662562889672888,28,2,8
move,"[""move"", 28, 6, 0]",1.0,1.7588264922966297,1.0,0.36822068322292323,1.0635235877597764,2.0,2.127047175519553,28,6,0
move,"[""move"", 28, 6, 1]",1.0,0.7721114582634582,1.0,0.511319931944606,0.6417156951040321,2.0,1.2834313902080643,28,6,1
move,"[""move"", 28, 6, 4]",1.0,0.9026133136820541,1.0,0.5243701174864657,0.71349171558426,2.0,1.42698343116852,28,6,4
move,"[""move"", 3, 0, 1]",13.0,1.5188082037898454,13.0,0.6329059482514245,1.0758570760206347,26.0,27.972283976536506,3,0,1
move,"[""move"", 3, 0, 2]",12.0,1.4687182213093297,12.0,0.6341688265343316,1.0514435239218305,24.0,25.234644574123934,3,0,2
move,"[""move"", 3, 0, 3]",13.0,1.5234839949897507,13.0,0.62943988000687,1.07646193749831,26.0,27.988010374956062,3,0,3
move,"[""move"", 3, 0, 4]",10.0,1.1693304259078363,9.0,0.6267508228027336,0.9123190349633139,19.0,17.334061664302965,3,0,4
move,"[""move"", 3, 0, 5]",9.0,1.191798927974748,8.0,0.6052248601653787,0.9157640725350449,17.0,15.567989233095762,3,0,5
move,"[""move"", 3, 0, 6]",13.0,1.5368966869332408,13.0,0.6519332157676524,1.0944149513504464,26.0,28.454788735111606,3,0,6
move,"[""move"", 3, 0, 7]",9.0,1.1977805913290438,8.0,0.625099311897929,0.928283518655578,17.0,15.780819817144826,3,0,7
move,"[""move"", 3, 0, 8]",8.0,1.1176686747045617,7.0,0.6183303119733949,0.8846441054300173,15.0,13.26966158145026,3,0,8
move,"[""move"", 3, 0, 9]",13.0,1.4978878000156794,13.0,0.6549007246079961,1.0763942623118377,26.0,27.986250820107777,3,0,9
move,"[""move"", 3, 1, 0]",16.0,1.681080284618264,16.0,0.6594103380135197,1.170245311315892,32.0,37.44784996210854,3,1,0
move,"[""move"", 3, 1, 2]",14.0,1.6008593692729451,14.0,0.6479052603065192,1.124382314789732,28.0,31.4827048141125,3,1,2
move,"[""move"", 3, 1, 3]",14.0,1.5666642852034396,14.0,0.6475213870543614,1.1070928361289005,28.0,30.998599411609213,3,1,3
move,"[""move"", 3, 1, 4]",14.0,1.5053195232145253,14.0,0.6510851765093386,1.0782023498619318,28.0,30.18966579613409,3,1,4
move,"[""move"", 3, 1, 5]",7.0,0.9747049641451897,6.0,0.5840829042122483,0.7944178595607554,13.0,10.32743217428982,3,1,5
move,"[""move"", 3, 1, 6]",11.0,1.5430535326737789,11.0,0.6321351890830459,1.0875943608784127,22.0,23.92707593932508,3,1,6
move,"[""move"", 3, 1, 7]",9.0,1.2348801500880215,8.0,0.6007029296328141,0.9364438110502772,17.0,15.919544787854711,3,1,7
move,"[""move"", 3, 1, 8]",9.0,1.2391825495317297,8.0,0.626692517562266,0.9509519462519821,17.0,16.166183086283695,3,1,8
move,"[""move"", 3, 1, 9]",12.0,1.4896077221048787,12.0,0.6384967711359485,1.0640522466204139,24.0,25.53725391888993,3,1,9
move,"[""move"", 3, 2, 0]",11.0,1.428919870512184,11.0,0.6431269108740594,1.0360233906931218,22.0,22.79251459524868,3,2,0
move,"[""move"", 3, 2, 1]",14.0,1.5963801702055054,14.0,0.6493910492229841,1.1228856097142446,28.0,31.440797071998848,3,2,1
move,"[""move"", 3, 2, 3]",12.0,1.4225087574012105,11.0,0.6429955979565686,1.0496981159276861,23.0,24.14305666633678,3,2,3
move,"[""move"", 3, 2, 4]",14.0,1.4826166142713835,14.0,0.6581095536124998,1.0703630839419416,28.0,29.970166350374367,3,2,4
move,"[""move"", 3, 2, 5]",11.0,1.3554299203945848,10.0,0.639567686067409,1.0145431421435487,21.0,21.305405985014524,3,2,5
move,"[""move"", 3, 2, 6]",14.0,1.5937263061849953,14.0,0.6464861183816638,1.1201062122833296,28.0,31.36297394393323,3,2,6
move,"[""move"", 3, 2, 7]",12.0,1.3338513652127115,11.0,0.6318060039978664,0.9980905402838726,23.0,22.95608242652907,3,2,7
move,"[""move"", 3, 2, 8]",8.0,1.1324525667963874,7.0,0.6000577620709777,0.8840016579245292,15.0,13.260024868867939,3,2,8
move,"[""move"", 3, 2, 9]",12.0,1.4511688386564796,12.0,0.6313208332734418,1.0412448359649609,24.0,24.98987606315906,3,2,9
move,"[""move"", 3, 3, 0]",11.0,1.504501645184748,11.0,0.626932468289581,1.0657170567371645,22.0,23.445775248217622,3,3,0
move,"[""move"", 3, 3, 1]",13.0,1.5577587609048433,13.0,0.6376160272923757,1.0976873940986094,26.0,28.539872246563846,3,3,1
move,"[""move"", 3, 3, 2]",11.0,1.3329837933779776,11.0,0.6374651381483383,0.985224465763158,22.0,21.674938246789477,3,3,2
move,"[""move"", 3, 3, 4]",13.0,1.5987908747485013,13.0,0.6548149180263274,1.1268028963874146,26.0,29.296875306072778,3,3,4
move,"[""move"", 3, 3, 5]",11.0,1.372377509959665,10.0,0.6515253747317274,1.0291145884225519,21.0,21.61140635687359,3,3,5
move,"[""move"", 3, 3, 6]",14.0,1.5296091608616513,13.0,0.6592099264299082,1.1105280479871085,27.0,29.98425729565193,3,3,6
move,"[""move"", 3, 3, 7]",9.0,1.3272531781959678,8.0,0.6297659336404889,0.9990238866404485,17.0,16.983406072887625,3,3,7
move,"[""move"", 3, 3, 8]",5.0,0.5999060744007372,4.0,0.5993564084714761,0.5996617784321767,9.0,5.3969560058895905,3,3,8
move,"[""move"", 3, 3, 9]",9.0,1.2704840430582334,9.0,0.6385208806673485,0.9545024618627911,18.0,17.18104431353024,3,3,9
move,"[""move"", 3, 4, 0]",11.0,1.4041784160241932,11.0,0.6285966471563287,1.0163875315902609,22.0,22.36052569498574,3,4,0
move,"[""move"", 3, 4, 1]",12.0,1.5595454362299586,12.0,0.6237201041537136,1.091632770191836,24.0,26.199186484604066,3,4,1
move,"[""move"", 3, 4, 2]",16.0,1.650746456147987,16.0,0.6510789470071819,1.1509127015775844,32.0,36.8292064504827,3,4,2
move,"[""move"", 3, 4, 3]",12.0,1.5293437060398392,12.0,0.6556758134004851,1.0925097597201623,24.0,26.220234233283893,3,4,3
move,"[""move"", 3, 4, 5]",12.0,1.4341826117231056,11.0,0.6425383359967347,1.0555701320278845,23.0,24.278113036641344,3,4,5
move,"[""move"", 3, 4, 6]",13.0,1.6251096192800398,13.0,0.6502077851762873,1.1376587022281635,26.0,29.579126257932252,3,4,6
move,"[""move"", 3, 4, 7]",10.0,1.4340714322510475,9.0,0.6401239326351438,1.0579910376961459,19.0,20.10182971622677,3,4,7
move,"[""move"", 3, 4, 8]",10.0,1.3460452205882671,9.0,0.6158670247748697,1.0001713383608684,19.0,19.003255428856498,3,4,8
move,"[""move"", 3, 4, 9]",13.0,1.5751808724595884,13.0,0.639856465437261,1.1075186689484247,26.0,28.795485392659042,3,4,9
move,"[""move"", 3, 5, 0]",6.0,1.3189122898122387,6.0,0.6070461680991238,0.9629792289556814,12.0,11.555750747468178,3,5,0
move,"[""move"", 3, 5, 1]",10.0,1.2807219000787222,9.0,0.6063885805998056,0.9613008540097616,19.0,18.26471622618547,3,5,1
move,"[""move"", 3, 5, 2]",12.0,1.6536790942590531,12.0,0.6309365458663719,1.1423078200627124,24.0,27.4153876815051,3,5,2
move,"[""move"", 3, 5, 3]",10.0,1.3725491040574902,9.0,0.6426064718743041,1.0267868046022965,19.0,19.508949287443635,3,5,3
move,"[""move"", 3, 5, 4]",12.0,1.6853661611345394,12.0,0.6564301129492156,1.1708981370418774,24.0,28.10155528900506,3,5,4
move,"[""move"", 3, 5, 6]",14.0,1.6806711793737492,14.0,0.6692516763880141,1.1749614278808818,28.0,32.89891998066469,3,5,6
move,"[""move"", 3, 5, 7]",13.0,1.664732446763657,13.0,0.6527129654422932,1.1587227061029748,26.0,30.126790358677347,3,5,7
move,"[""move"", 3, 5, 8]",9.0,1.2092611571106449,8.0,0.6417446871119094,0.9421945829935929,17.0,16.01730791089108,3,5,8
move,"[""move"", 3, 5, 9]",10.0,1.5369839599346622,10.0,0.6319959836299183,1.08448997178229,20.0,21.6897994356458,3,5,9
move,"[""move"", 3, 6, 0]",11.0,1.4128326057455343,11.0,0.6335584022767627,1.0231955040111484,22.0,22.510301088245264,3,6,0
move,"[""move"", 3, 6, 1]",11.0,1.3898865290756204,11.0,0.622427080640716,1.0061568048581677,22.0,22.13544970687969,3,6,1
move,"[""move"", 3, 6, 2]",11.0,1.38254357583475,11.0,0.6305706363005869,1.0065571060676684,22.0,22.144256333488705,3,6,2
move,"[""move"", 3, 6, 3]",9.0,1.1465149247128459,8.0,0.6282892734053136,0.9026440299798895,17.0,15.34494850965812,3,6,3
move,"[""move"", 3, 6, 4]",12.0,1.434456389213193,12.0,0.6504452702867471,1.04245082974997,24.0,25.018819913999277,3,6,4
move,"[""move"", 3, 6, 5]",17.0,1.6838722723725725,17.0,0.6638257255843754,1.1738489989784735,34.0,39.9108659652681,3,6,5
move,"[""move"", 3, 6, 7]",18.0,1.7339675522490487,18.0,0.6681066376175239,1.2010370949332858,36.0,43.23733541759829,3,6,7
move,"[""move"", 3, 6, 8]",13.0,1.6113142988893179,13.0,0.6457306669252827,1.1285224829073006,26.0,29.341584555589815,3,6,8
move,"[""move"", 3, 6, 9]",11.0,1.409592833411777,11.0,0.6337728913262002,1.0216828623689886,22.0,22.477022972117748,3,6,9
move,"[""move"", 3, 7, 0]",10.0,1.371694031185673,10.0,0.6254855174135374,0.998589774299605,20.0,19.9717954859921,3,7,0
move,"[""move"", 3, 7, 1]",9.0,1.217101322127455,9.0,0.6215163720673537,0.9193088470974047,18.0,16.547559247753284,3,7,1
move,"[""move"", 3, 7, 2]",8.0,1.1537497085088644,8.0,0.6108156960264468,0.8822827022676556,16.0,14.11652323628249,3,7,2
move,"[""move"", 3, 7, 3]",8.0,1.1255602159027014,8.0,0.6338573651913195,0.8797087905470105,16.0,14.075340648752167,3,7,3
move,"[""move"", 3, 7, 4]",11.0,1.330090678204919,10.0,0.6530027353368916,1.0076678482677632,21.0,21.161024813623026,3,7,4
move,"[""move"", 3, 7, 5]",13.0,1.432749530854435,13.0,0.6504244693451926,1.0415870000998135,26.0,27.08126200259515,3,7,5
move,"[""move"", 3, 7, 6]",15.0,1.642383857370562,15.0,0.659817917454746,1.1511008874126538,30.0,34.533026622379616,3,7,6
move,"[""move"", 3, 7, 8]",11.0,1.4896672003363776,11.0,0.6344888636408206,1.062078031988599,22.0,23.36571670374918,3,7,8
move,"[""move"", 3, 7, 9]",14.0,1.5281603913027548,14.0,0.6456362464524715,1.0868983188776131,28.0,30.43315292857317,3,7,9
move,"[""move"", 3, 8, 0]",8.0,1.6624376427226002,8.0,0.6285024722290292,1.1454700574758148,16.0,18.327520919613036,3,8,0
move,"[""move"", 3, 8, 1]",10.0,1.734696364900541,10.0,0.6308247042684922,1.1827605345845165,20.0,23.65521069169033,3,8,1
move,"[""move"", 3, 8, 2]",7.0,1.3894813582429053,7.0,0.6204705763110993,1.0049759672770022,14.0,14.069663541878032,3,8,2
move,"[""move"", 3, 8, 3]",7.0,1.3142260967902197,7.0,0.6220353501983747,0.9681307234942972,14.0,13.553830128920161,3,8,3
move,"[""move"", 3, 8, 4]",8.0,1.5376764922149093,8.0,0.6319189004834359,1.0847976963491728,16.0,17.356763141586764,3,8,4
move,"[""move"", 3, 8, 5]",6.0,1.1275604757100888,6.0,0.6253385375882012,0.876449506649145,12.0,10.51739407978974,3,8,5
move,"[""move"", 3, 8, 6]",8.0,1.5038431601158313,8.0,0.640720033450922,1.0722815967833765,16.0,17.156505548534025,3,8,6
move,"[""move"", 3, 8, 7]",12.0,1.8680414592942245,12.0,0.645609182449929,1.2568253208720772,24.0,30.16380770092985,3,8,7
move,"[""move"", 3, 8, 9]",10.0,1.8202689408293664,10.0,0.6537459864696612,1.237007463649514,20.0,24.74014927299028,3,8,9
move,"[""move"", 3, 9, 0]",12.0,1.5101464654856118,12.0,0.6517390519674879,1.08094275872655,24.0,25.9426262094372,3,9,0
move,"[""move"", 3, 9, 1]",12.0,1.4096399343687,12.0,0.6383106905878588,1.023975312478279,24.0,24.5754074994787,3,9,1
move,"[""move"", 3, 9, 2]",14.0,1.5258605571567074,14.0,0.6342644896619895,1.0800625234093486,28.0,30.24175065546176,3,9,2
move,"[""move"", 3, 9, 3]",9.0,1.2628800341242938,9.0,0.6282213911581076,0.9455507126412007,18.0,17.019912827541614,3,9,3
move,"[""move"", 3, 9, 4]",13.0,1.4402110600737799,13.0,0.6505380857937464,1.0453745729337631,26.0,27.179738896277843,3,9,4
move,"[""move"", 3, 9, 5]",12.0,1.3632795874655017,11.0,0.6214694097758205,1.0085008068313062,23.0,23.195518557120042,3,9,5
move,"[""move"", 3, 9, 6]",12.0,1.5214794242989107,12.0,0.6452046920730469,1.083342058185979,24.0,26.000209396463493,3,9,6
move,"[""move"", 3, 9, 7]",15.0,1.5158641078091484,14.0,0.6493161802280757,1.0975306255286303,29.0,31.828388140330283,3,9,7
move,"[""move"", 3, 9, 8]",10.0,1.2073174101033664,8.0,0.6355796859107683,0.9532117549066559,18.0,17.157811588319806,3,9,8
move,"[""move"", 4, 0, 1]",3.0,1.4982898031239644,3.0,0.6042860984104746,1.0512879507672195,6.0,6.307727704603317,4,0,1
move,"[""move"", 4, 0, 2]",3.0,1.5553675432057184,3.0,0.5945545992191784,1.0749610712124484,6.0,6.449766427274691,4,0,2
move,"[""move"", 4, 0, 3]",1.0,1.8868462865072382,1.0,0.49826421682728567,1.192555251667262,2.0,2.385110503334524,4,0,3
move,"[""move"", 4, 0, 4]",3.0,0.9505298847483866,3.0,0.5995350474505802,0.7750324660994833,6.0,4.6501947965968995,4,0,4
move,"[""move"", 4, 0, 5]",3.0,1.198552639820415,3.0,0.6299614876017275,0.9142570637110712,6.0,5.485542382266427,4,0,5
move,"[""move"", 4, 0, 6]",3.0,1.2186841624942135,3.0,0.6256987036312903,0.9221914330627518,6.0,5.533148598376511,4,0,6
move,"[""move"", 4, 0, 7]",2.0,1.3715099916420237,2.0,0.6227704980250715,0.9971402448335477,4.0,3.9885609793341907,4,0,7
move,"[""move"", 4, 0, 8]",3.0,1.5917864839180151,3.0,0.7062173666306354,1.1490019252743253,6.0,6.894011551645952,4,0,8
move,"[""move"", 4, 0, 9]",3.0,1.5836427266875759,3.0,0.6812679228433062,1.1324553247654408,6.0,6.794731948592645,4,0,9
move,"[""move"", 4, 1, 0]",3.0,0.4803806269770663,2.0,0.6146700696772867,0.5340964040571545,5.0,2.6704820202857724,4,1,0
move,"[""move"", 4, 1, 2]",4.0,1.3006776690054869,4.0,0.6508261566418339,0.9757519128236603,8.0,7.806015302589282,4,1,2
move,"[""move"", 4, 1, 3]",4.0,1.3199131193430822,4.0,0.6307833368011657,0.9753482280721241,8.0,7.8027858245769925,4,1,3
move,"[""move"", 4, 1, 4]",4.0,1.2384011951916185,4.0,0.6071752050311162,0.9227882001113673,8.0,7.3823056008909385,4,1,4
move,"[""move"", 4, 1, 5]",3.0,0.4608202755413949,2.0,0.5970804563635788,0.5153243478702685,5.0,2.576621739351342,4,1,5
move,"[""move"", 4, 1, 6]",5.0,1.5664664454825021,5.0,0.6393106393838078,1.1028885424331547,10.0,11.028885424331547,4,1,6
move,"[""move"", 4, 1, 7]",4.0,1.3858784680957656,4.0,0.6220146090583232,1.0039465385770445,8.0,8.031572308616356,4,1,7
move,"[""move"", 4, 1, 8]",4.0,1.1237594069119126,3.0,0.6956255011481893,0.9402734472988882,7.0,6.581914131092217,4,1,8
move,"[""move"", 4, 1, 9]",5.0,1.6301828778651735,5.0,0.6964130561335512,1.1632979669993624,10.0,11.632979669993624,4,1,9
move,"[""move"", 4, 2, 0]",3.0,0.7353270830319628,2.0,0.611547989182898,0.6858154454923369,5.0,3.429077227461684,4,2,0
move,"[""move"", 4, 2, 1]",5.0,1.5578114438464827,5.0,0.663278217259034,1.1105448305527585,10.0,11.105448305527585,4,2,1
move,"[""move"", 4, 2, 3]",5.0,1.480326483289819,5.0,0.6638938017943152,1.072110142542067,10.0,10.72110142542067,4,2,3
move,"[""move"", 4, 2, 4]",4.0,1.4055665353492963,4.0,0.6599071737766091,1.0327368545629527,8.0,8.261894836503622,4,2,4
move,"[""move"", 4, 2, 5]",3.0,0.8005027464020634,2.0,0.5513926180007487,0.7008586950415374,5.0,3.504293475207687,4,2,5
move,"[""move"", 4, 2, 6]",4.0,1.1903635878766416,4.0,0.6406487561129237,0.9155061719947828,8.0,7.324049375958262,4,2,6
move,"[""move"", 4, 2, 7]",4.0,1.3279459695932263,4.0,0.6328358172345987,0.9803908934139124,8.0,7.843127147311299,4,2,7
move,"[""move"", 4, 2, 8]",4.0,1.0436478001508422,3.0,0.6914879092226403,0.8927221326101843,7.0,6.24905492827129,4,2,8
move,"[""move"", 4, 2, 9]",4.0,1.3646347840899882,4.0,0.7107273813266246,1.0376810827083065,8.0,8.301448661666452,4,2,9
move,"[""move"", 4, 3, 0]",2.0,0.014393476367188518,1.0,0.5245255103716904,0.18443748770202248,3.0,0.5533124631060674,4,3,0
move,"[""move"", 4, 3, 1]",5.0,1.4868675137545107,5.0,0.6374193026005611,1.062143408177536,10.0,10.62143408177536,4,3,1
move,"[""move"", 4, 3, 2]",4.0,1.282608158771311,4.0,0.6426686807478151,0.962638419759563,8.0,7.701107358076504,4,3,2
move,"[""move"", 4, 3, 4]",4.0,1.3348034000030131,4.0,0.6278539226054092,0.9813286613042113,8.0,7.85062929043369,4,3,4
move,"[""move"", 4, 3, 5]",4.0,1.0705435952944766,3.0,0.6070838406773115,0.8719179861728342,7.0,6.10342590320984,4,3,5
move,"[""move"", 4, 3, 6]",5.0,1.440990224405087,5.0,0.644700094004313,1.0428451592047001,10.0,10.428451592047,4,3,6
move,"[""move"", 4, 3, 7]",3.0,0.9988583528291372,3.0,0.6392208891977545,0.819039621013446,6.0,4.9142377260806756,4,3,7
move,"[""move"", 4, 3, 8]",2.0,-0.6658601502623749,0.0,0.0,-0.6658601502623749,2.0,-1.3317203005247498,4,3,8
move,"[""move"", 4, 3, 9]",3.0,0.6048893385925042,2.0,0.6725974622972741,0.6319725880744121,5.0,3.1598629403720606,4,3,9
move,"[""move"", 4, 4, 0]",4.0,1.1269670727587207,4.0,0.6226600695990196,0.8748135711788702,8.0,6.998508569430961,4,4,0
move,"[""move"", 4, 4, 1]",4.0,1.6319929201093943,4.0,0.6368938537064873,1.1344433869079409,8.0,9.075547095263527,4,4,1
move,"[""move"", 4, 4, 2]",4.0,1.6151988280101062,4.0,0.6574006315355799,1.136299729772843,8.0,9.090397838182744,4,4,2
move,"[""move"", 4, 4, 3]",4.0,1.4852715242349634,4.0,0.6342341282421937,1.0597528262385785,8.0,8.478022609908628,4,4,3
move,"[""move"", 4, 4, 5]",4.0,1.4998122366774025,4.0,0.6464814820393676,1.0731468593583848,8.0,8.585174874867079,4,4,5
move,"[""move"", 4, 4, 6]",3.0,1.3029468392757764,3.0,0.6426271855722426,0.9727870124240096,6.0,5.836722074544057,4,4,6
move,"[""move"", 4, 4, 7]",3.0,1.3857028852577933,3.0,0.6995157623692174,1.0426093238135052,6.0,6.255655942881032,4,4,7
move,"[""move"", 4, 4, 8]",4.0,1.6535406370479577,4.0,0.665446174483743,1.1594934057658506,8.0,9.275947246126805,4,4,8
move,"[""move"", 4, 4, 9]",4.0,1.4165056199518187,4.0,0.6751621822682803,1.0458339011100493,8.0,8.366671208880394,4,4,9
move,"[""move"", 4, 5, 0]",4.0,1.400686740560236,4.0,0.6268589141426146,1.0137728273514253,8.0,8.110182618811402,4,5,0
move,"[""move"", 4, 5, 1]",3.0,1.1998539926353013,3.0,0.6340834555299145,0.916968724082608,6.0,5.501812344495648,4,5,1
move,"[""move"", 4, 5, 2]",2.0,0.840282392084183,2.0,0.5669510116473624,0.7036167018657726,4.0,2.8144668074630905,4,5,2
move,"[""move"", 4, 5, 3]",2.0,1.3700494553500235,2.0,0.6455917460809455,1.0078206007154846,4.0,4.0312824028619385,4,5,3
move,"[""move"", 4, 5, 4]",3.0,1.2612296340360512,3.0,0.6204427941642822,0.9408362141001666,6.0,5.645017284601,4,5,4
move,"[""move"", 4, 5, 6]",4.0,1.5956618972579184,4.0,0.6616773305348589,1.1286696138963888,8.0,9.02935691117111,4,5,6
move,"[""move"", 4, 5, 7]",4.0,1.4184978156412835,4.0,0.654404252621492,1.036451034131388,8.0,8.291608273051104,4,5,7
move,"[""move"", 4, 5, 8]",4.0,1.6021388064631101,4.0,0.6348773629740326,1.1185080847185713,8.0,8.94806467774857,4,5,8
move,"[""move"", 4, 5, 9]",3.0,1.1885274191044708,3.0,0.6604218835374713,0.9244746513209711,6.0,5.546847907925827,4,5,9
move,"[""move"", 4, 6, 0]",3.0,0.5035398911419159,2.0,0.6418592810142267,0.5588676470908404,5.0,2.7943382354542017,4,6,0
move,"[""move"", 4, 6, 1]",4.0,1.212187500070019,4.0,0.6485609843456939,0.9303742422078563,8.0,7.44299393766285,4,6,1
move,"[""move"", 4, 6, 2]",4.0,1.4019914407278007,4.0,0.6700241338411176,1.0360077872844593,8.0,8.288062298275674,4,6,2
move,"[""move"", 4, 6, 3]",4.0,1.2079402514353899,4.0,0.637409839955828,0.922675045695609,8.0,7.381400365564872,4,6,3
move,"[""move"", 4, 6, 4]",4.0,1.1360975423040505,4.0,0.6298411190479114,0.8829693306759809,8.0,7.0637546454078475,4,6,4
move,"[""move"", 4, 6, 5]",5.0,1.2828302709974593,5.0,0.6870602105839791,0.9849452407907193,10.0,9.849452407907194,4,6,5
move,"[""move"", 4, 6, 7]",4.0,1.4420995063940798,4.0,0.682319993980121,1.0622097501871004,8.0,8.497678001496803,4,6,7
move,"[""move"", 4, 6, 8]",5.0,1.289217970552016,4.0,0.6639700756329437,1.0113300172546507,9.0,9.101970155291855,4,6,8
move,"[""move"", 4, 6, 9]",5.0,1.6151944716244806,5.0,0.6877453741860996,1.15146992290529,10.0,11.5146992290529,4,6,9
move,"[""move"", 4, 7, 0]",3.0,0.558760348842254,2.0,0.6502264508516713,0.595346789646021,5.0,2.9767339482301045,4,7,0
move,"[""move"", 4, 7, 1]",4.0,1.0590796949822368,4.0,0.6432749326459218,0.8511773138140792,8.0,6.809418510512634,4,7,1
move,"[""move"", 4, 7, 2]",4.0,1.3010864216747045,4.0,0.6434734875558968,0.9722799546153007,8.0,7.778239636922406,4,7,2
move,"[""move"", 4, 7, 3]",3.0,1.160703628629668,3.0,0.6424056382336232,0.9015546334316454,6.0,5.409327800589873,4,7,3
move,"[""move"", 4, 7, 4]",4.0,1.3570446478946554,4.0,0.652267238512885,1.0046559432037703,8.0,8.037247545630162,4,7,4
move,"[""move"", 4, 7, 5]",4.0,0.8921674179000847,3.0,0.6676940841290122,0.7959645605696251,7.0,5.571751923987375,4,7,5
move,"[""move"", 4, 7, 6]",4.0,1.3406038689286897,4.0,0.6751312434653217,1.0078675561970059,8.0,8.062940449576047,4,7,6
move,"[""move"", 4, 7, 8]",4.0,1.0323367088939537,3.0,0.683648044558877,0.8828987098932066,7.0,6.180290969252447,4,7,8
move,"[""move"", 4, 7, 9]",4.0,1.4696094506654314,4.0,0.6936060212870783,1.0816077359762548,8.0,8.652861887810039,4,7,9
move,"[""move"", 4, 8, 0]",4.0,1.5883202317863805,4.0,0.6635427234271036,1.1259314776067422,8.0,9.007451820853937,4,8,0
move,"[""move"", 4, 8, 1]",3.0,1.6013999689218181,3.0,0.6442929942201293,1.1228464815709738,6.0,6.737078889425843,4,8,1
move,"[""move"", 4, 8, 2]",2.0,1.6169727551789095,2.0,0.6485532697302312,1.1327630124545705,4.0,4.531052049818282,4,8,2
move,"[""move"", 4, 8, 3]",2.0,1.339594930084412,2.0,0.6576434095424908,0.9986191698134514,4.0,3.994476679253806,4,8,3
move,"[""move"", 4, 8, 4]",3.0,1.4912577716829032,3.0,0.6799390020514012,1.0855983868671524,6.0,6.513590321202914,4,8,4
move,"[""move"", 4, 8, 5]",3.0,1.036440532258936,3.0,0.6742352848170882,0.8553379085380123,6.0,5.1320274512280735,4,8,5
move,"[""move"", 4, 8, 6]",4.0,1.5136689378762775,4.0,0.6652326550880188,1.0894507964821483,8.0,8.715606371857186,4,8,6
move,"[""move"", 4, 8, 7]",3.0,1.4103615720187366,3.0,0.6893357591751282,1.0498486655969324,6.0,6.2990919935815946,4,8,7
move,"[""move"", 4, 8, 9]",3.0,1.3899881752368302,3.0,0.6969801962915175,1.043484185764174,6.0,6.260905114585044,4,8,9
move,"[""move"", 4, 9, 0]",3.0,0.684792647628607,2.0,0.6577443961195111,0.6739733470249686,5.0,3.369866735124843,4,9,0
move,"[""move"", 4, 9, 1]",5.0,1.2813148869710693,5.0,0.6761354433356279,0.9787251651533484,10.0,9.787251651533484,4,9,1
move,"[""move"", 4, 9, 2]",4.0,1.3494843958715292,4.0,0.6623228024692325,1.0059035991703809,8.0,8.047228793363047,4,9,2
move,"[""move"", 4, 9, 3]",3.0,1.0969495803676599,3.0,0.6698685192131436,0.8834090497904018,6.0,5.300454298742411,4,9,3
move,"[""move"", 4, 9, 4]",4.0,1.320821444587823,4.0,0.6653074045430651,0.9930644245654441,8.0,7.944515396523553,4,9,4
move,"[""move"", 4, 9, 5]",4.0,0.8275841298325628,3.0,0.6585105607836775,0.755124028811612,7.0,5.285868201681284,4,9,5
move,"[""move"", 4, 9, 6]",5.0,1.6363032045790262,5.0,0.6861549850855988,1.1612290948323127,10.0,11.612290948323126,4,9,6
move,"[""move"", 4, 9, 7]",4.0,1.285722400638015,4.0,0.6846351353491998,0.9851787679936074,8.0,7.881430143948859,4,9,7
move,"[""move"", 4, 9, 8]",3.0,0.9825663994988806,2.0,0.6761720888804166,0.860008675251495,5.0,4.3000433762574755,4,9,8
move,"[""move"", 5, 0, 4]",1.0,1.8737713507931892,1.0,0.6463887133126355,1.2600800320529124,2.0,2.520160064105825,5,0,4
move,"[""move"", 5, 1, 4]",1.0,1.7590959544324725,1.0,0.6349211736765639,1.197008564054518,2.0,2.394017128109036,5,1,4
move,"[""move"", 5, 3, 4]",1.0,2.036497791458083,1.0,0.6626613573791249,1.3495795744186039,2.0,2.6991591488372078,5,3,4
move,"[""move"", 5, 5, 4]",1.0,1.9893446807647381,1.0,0.6579460463097904,1.3236453635372643,2.0,2.6472907270745285,5,5,4
move,"[""move"", 7, 0, 2]",1.0,0.9199280863576051,1.0,0.7201229364195373,0.8200255113885713,2.0,1.6400510227771425,7,0,2
move,"[""move"", 7, 1, 2]",1.0,1.0238295437392284,1.0,0.7237798254701997,0.873804684604714,2.0,1.747609369209428,7,1,2
move,"[""move"", 7, 2, 1]",1.0,0.7423506182390562,1.0,0.7038739566701824,0.7231122874546193,2.0,1.4462245749092386,7,2,1
move,"[""move"", 7, 2, 3]",1.0,0.7347683311534667,1.0,0.7031157279616235,0.718942029557545,2.0,1.43788405911509,7,2,3
move,"[""move"", 9, 0, 1]",1.0,1.6467524039563233,1.0,0.7143357817853114,1.1805440928708173,2.0,2.3610881857416346,9,0,1
move,"[""move"", 9, 0, 2]",1.0,1.5390979308428399,1.0,0.7044683508114631,1.1217831408271515,2.0,2.243566281654303,9,0,2
move,"[""move"", 9, 0, 3]",1.0,1.4464143110461478,1.0,0.6951999888317939,1.0708071499389709,2.0,2.1416142998779417,9,0,3
move,"[""move"", 9, 0, 4]",1.0,1.538578244898762,1.0,0.7128013776158906,1.1256898112573261,2.0,2.2513796225146523,9,0,4
move,"[""move"", 9, 1, 0]",1.0,1.2739276384941192,1.0,0.6951155295823338,0.9845215840382264,2.0,1.9690431680764529,9,1,0
move,"[""move"", 9, 1, 2]",1.0,1.456473320728114,1.0,0.7238618948113258,1.09016760776972,2.0,2.18033521553944,9,1,2
move,"[""move"", 9, 1, 3]",1.0,1.559741266175658,1.0,0.7341886893560802,1.146964977765869,2.0,2.293929955531738,9,1,3
move,"[""move"", 9, 1, 4]",1.0,1.5905090519338057,1.0,0.737265467931895,1.1638872599328502,2.0,2.3277745198657005,9,1,4
move,"[""move"", 9, 1, 5]",1.0,1.1628310323550561,1.0,0.6640907186716509,0.9134608755133535,2.0,1.826921751026707,9,1,5
move,"[""move"", 9, 2, 0]",1.0,1.2741640236828244,1.0,0.6951391681012044,0.9846515958920143,2.0,1.9693031917840287,9,2,0
move,"[""move"", 9, 2, 1]",1.0,1.1908053138277392,1.0,0.6743681035022526,0.9325867086649959,2.0,1.8651734173299919,9,2,1
move,"[""move"", 9, 3, 0]",1.0,1.228457279813233,1.0,0.6905684937142452,0.959512886763739,2.0,1.919025773527478,9,3,0
move,"[""move"", 9, 3, 1]",1.0,1.0740592508190037,1.0,0.662693497201379,0.8683763740101913,2.0,1.7367527480203826,9,3,1
move,"[""move"", 9, 3, 8]",1.0,1.0403021632647707,1.0,0.6717529820593989,0.8560275726620847,2.0,1.7120551453241695,9,3,8
move,"[""move"", 9, 4, 0]",1.0,1.0632529118258993,1.0,0.6594448903645687,0.861348901095234,2.0,1.722697802190468,9,4,0
move,"[""move"", 9, 4, 1]",1.0,1.536448703238626,1.0,0.7042034280510417,1.120326065644834,2.0,2.240652131289668,9,4,1
