action,arm,estimated_count,estimated_mean_reward,execution_count,execution_mean_reward,mean_reward,pull_count,reward_sum,service_id,source_plane,target_plane
add,"[""add"", 10, null, 2]",1.0,2.3339256307613825,1.0,0.7720668485723399,1.5529962396668613,2.0,3.1059924793337226,10,,2
add,"[""add"", 10, null, 4]",1.0,2.1823723828840746,1.0,0.7569115237846091,1.4696419533343419,2.0,2.9392839066686838,10,,4
add,"[""add"", 10, null, 5]",1.0,2.1945741875300153,1.0,0.7581317042492032,1.4763529458896092,2.0,2.9527058917792184,10,,5
add,"[""add"", 10, null, 6]",1.0,2.052661867530804,1.0,0.7552997669166414,1.4039808172237227,2.0,2.8079616344474454,10,,6
add,"[""add"", 10, null, 8]",1.0,2.121411079527843,1.0,0.7621746881163451,1.4417928838220941,2.0,2.8835857676441883,10,,8
add,"[""add"", 12, null, 0]",1.0,1.8365473025530374,1.0,0.7585807193941321,1.2975640109735846,2.0,2.5951280219471693,12,,0
add,"[""add"", 12, null, 7]",1.0,1.6884898694109038,1.0,0.7437749760799187,1.2161324227454113,2.0,2.4322648454908227,12,,7
add,"[""add"", 13, null, 3]",1.0,2.2880031949973665,1.0,0.7619351808110836,1.524969187904225,2.0,3.04993837580845,13,,3
add,"[""add"", 13, null, 8]",1.0,2.324770784253112,1.0,0.7656119397366582,1.545191361994885,2.0,3.09038272398977,13,,8
add,"[""add"", 14, null, 1]",1.0,2.38340611687563,1.0,0.7243484608723808,1.5538772888740053,2.0,3.1077545777480107,14,,1
add,"[""add"", 16, null, 0]",1.0,1.5740665034687726,1.0,0.7101742908457688,1.1421203971572707,2.0,2.2842407943145413,16,,0
add,"[""add"", 16, null, 1]",1.0,1.5519080950302309,1.0,0.7079584500019146,1.1299332725160727,2.0,2.2598665450321453,16,,1
add,"[""add"", 16, null, 3]",1.0,1.809860009212397,1.0,0.7337536414201312,1.2718068253162642,2.0,2.5436136506325284,16,,3
add,"[""add"", 16, null, 4]",1.0,1.540706172836038,1.0,0.7420039347968672,1.1413550538164525,2.0,2.282710107632905,16,,4
add,"[""add"", 16, null, 9]",1.0,1.4400574326290607,1.0,0.7319390607761694,1.085998246702615,2.0,2.17199649340523,16,,9
add,"[""add"", 20, null, 1]",1.0,1.4766862698151428,1.0,0.76391528103963,1.1203007754273864,2.0,2.2406015508547727,20,,1
add,"[""add"", 20, null, 7]",1.0,1.4887823887260463,1.0,0.7651248929307204,1.1269536408283833,2.0,2.2539072816567667,20,,7
add,"[""add"", 20, null, 8]",1.0,1.5026288289426053,1.0,0.7665095369523763,1.1345691829474909,2.0,2.2691383658949817,20,,8
add,"[""add"", 21, null, 2]",1.0,1.6610441206231799,1.0,0.7670444231685603,1.2140442718958702,2.0,2.4280885437917403,21,,2
add,"[""add"", 21, null, 3]",1.0,2.4709217140149824,1.0,0.7323182637852831,1.6016199889001328,2.0,3.2032399778002656,21,,3
add,"[""add"", 21, null, 4]",1.0,2.6042552407600392,1.0,0.7456516164597887,1.674953428609914,2.0,3.349906857219828,21,,4
add,"[""add"", 21, null, 6]",1.0,2.431030178755082,1.0,0.728329110259293,1.5796796445071877,2.0,3.1593592890143753,21,,6
add,"[""add"", 21, null, 7]",1.0,2.3227928713169415,1.0,0.729012288943173,1.5259025801300572,2.0,3.0518051602601144,21,,7
add,"[""add"", 22, null, 0]",1.0,1.2696115267673378,1.0,0.7313154491945911,1.0004634879809644,2.0,2.000926975961929,22,,0
add,"[""add"", 22, null, 2]",1.0,2.0191589512130803,1.0,0.7529419061210083,1.3860504286670443,2.0,2.7721008573340886,22,,2
add,"[""add"", 22, null, 3]",1.0,1.4015058622184726,1.0,0.7445048827397046,1.0730053724790887,2.0,2.1460107449581773,22,,3
add,"[""add"", 22, null, 5]",1.0,1.409190462313043,1.0,0.7452733427491617,1.0772319025311023,2.0,2.1544638050622047,22,,5
add,"[""add"", 22, null, 6]",1.0,1.9261979460411898,1.0,0.7436458056038192,1.3349218758225045,2.0,2.669843751645009,22,,6
add,"[""add"", 24, null, 0]",1.0,1.928803242874372,1.0,0.745118687961595,1.3369609654179835,2.0,2.673921930835967,24,,0
add,"[""add"", 25, null, 2]",1.0,1.5359738582366211,1.0,0.7528937986365115,1.1444338284365663,2.0,2.2888676568731325,25,,2
add,"[""add"", 25, null, 3]",1.0,1.4071487336025301,1.0,0.7400112861731024,1.0735800098878163,2.0,2.1471600197756326,25,,3
add,"[""add"", 25, null, 9]",1.0,1.6074736524628523,1.0,0.7600437780591347,1.1837587152609936,2.0,2.3675174305219873,25,,9
add,"[""add"", 26, null, 1]",1.0,1.4225591904778598,1.0,0.7486270114906115,1.0855931009842357,2.0,2.1711862019684713,26,,1
add,"[""add"", 26, null, 5]",1.0,1.2187311306074993,1.0,0.7282442055035754,0.9734876680555373,2.0,1.9469753361110747,26,,5
add,"[""add"", 26, null, 6]",1.0,1.37440938692693,1.0,0.7438120311355185,1.0591107090312244,2.0,2.118221418062449,26,,6
add,"[""add"", 28, null, 0]",1.0,1.8643487359913324,1.0,0.6986890338224749,1.2815188849069037,2.0,2.5630377698138074,28,,0
add,"[""add"", 28, null, 2]",1.0,2.1484166716832385,1.0,0.7270958273916656,1.437756249537452,2.0,2.875512499074904,28,,2
add,"[""add"", 28, null, 3]",1.0,2.0767207942861234,1.0,0.7199262396519541,1.3983235169690387,2.0,2.7966470339380773,28,,3
add,"[""add"", 28, null, 5]",1.0,1.9570316651439958,1.0,0.7564711096159858,1.3567513873799908,2.0,2.7135027747599816,28,,5
add,"[""add"", 29, null, 3]",1.0,1.8511308016993917,1.0,0.7267618479828372,1.2889463248411144,2.0,2.5778926496822288,29,,3
add,"[""add"", 3, null, 1]",1.0,1.922116732088226,1.0,0.7631886807759807,1.3426527064321032,2.0,2.6853054128642064,3,,1
add,"[""add"", 3, null, 2]",1.0,1.9573586131446055,1.0,0.7667128688816186,1.362035741013112,2.0,2.724071482026224,3,,2
add,"[""add"", 3, null, 3]",1.0,1.6580756546755806,1.0,0.6945140092841006,1.1762948319798405,2.0,2.352589663959681,3,,3
add,"[""add"", 3, null, 4]",1.0,1.8985792562944752,1.0,0.7608349331966056,1.3297070947455403,2.0,2.6594141894910805,3,,4
add,"[""add"", 3, null, 5]",1.0,1.9755332048392258,1.0,0.7407234262203426,1.3581283155297843,2.0,2.7162566310595686,3,,5
add,"[""add"", 6, null, 6]",1.0,2.9373451190758377,1.0,0.7390755506303389,1.8382103348530883,2.0,3.6764206697061765,6,,6
add,"[""add"", 7, null, 2]",1.0,1.7291993196153173,1.0,0.7412731148833016,1.2352362172493094,2.0,2.470472434498619,7,,2
add,"[""add"", 7, null, 4]",1.0,1.7791302343311315,1.0,0.746266206354883,1.2626982203430073,2.0,2.5253964406860145,7,,4
add,"[""add"", 8, null, 0]",1.0,2.291332346323113,1.0,0.7264063376522917,1.5088693419877024,2.0,3.017738683975405,8,,0
add,"[""add"", 8, null, 1]",1.0,2.5028737632398657,1.0,0.7441380037337665,1.6235058834868161,2.0,3.2470117669736323,8,,1
add,"[""add"", 8, null, 6]",1.0,2.391020410166134,1.0,0.7363751440365938,1.563697777101364,2.0,3.127395554202728,8,,6
add,"[""add"", 8, null, 7]",1.0,2.416961737843579,1.0,0.7389692768043383,1.5779655073239587,2.0,3.1559310146479174,8,,7
move,"[""move"", 13, 0, 1]",2.0,1.6069127596036548,2.0,0.7222181144943505,1.1645654370490026,4.0,4.6582617481960105,13,0,1
move,"[""move"", 13, 0, 2]",1.0,1.2300220013750613,1.0,0.7543998050194312,0.9922109031972463,2.0,1.9844218063944925,13,0,2
move,"[""move"", 13, 0, 3]",2.0,1.8390184247144166,2.0,0.7475921171596412,1.293305270937029,4.0,5.173221083748116,13,0,3
move,"[""move"", 13, 0, 4]",1.0,1.4018178731756652,1.0,0.7609879124823146,1.0814028928289898,2.0,2.1628057856579797,13,0,4
move,"[""move"", 13, 0, 5]",2.0,1.4911703795922762,2.0,0.7387317079799639,1.11495104378612,4.0,4.45980417514448,13,0,5
move,"[""move"", 13, 0, 6]",2.0,1.6158142674096947,2.0,0.7453970023608255,1.1806056348852603,4.0,4.722422539541041,13,0,6
move,"[""move"", 13, 0, 7]",2.0,1.2955912048372404,2.0,0.7263836837657989,1.0109874443015197,4.0,4.043949777206079,13,0,7
move,"[""move"", 13, 0, 8]",2.0,1.6443161568547264,2.0,0.7161959981254045,1.1802560774900654,4.0,4.721024309960262,13,0,8
move,"[""move"", 13, 0, 9]",2.0,1.5507683642077335,2.0,0.7501854259788334,1.1504768950932835,4.0,4.601907580373134,13,0,9
move,"[""move"", 13, 1, 0]",1.0,1.2461099399775004,1.0,0.7351614941382608,0.9906357170578806,2.0,1.9812714341157611,13,1,0
move,"[""move"", 13, 1, 2]",2.0,1.2386792895885144,2.0,0.7537707273030123,0.9962250084457633,4.0,3.9849000337830534,13,1,2
move,"[""move"", 13, 1, 3]",1.0,1.510897097402015,1.0,0.7616402098807122,1.1362686536413635,2.0,2.272537307282727,13,1,3
move,"[""move"", 13, 1, 4]",1.0,1.246736495855861,1.0,0.7560712544675111,1.001403875161686,2.0,2.002807750323372,13,1,4
move,"[""move"", 13, 1, 5]",2.0,1.470226736141004,2.0,0.7436161807935997,1.1069214584673017,4.0,4.427685833869207,13,1,5
move,"[""move"", 13, 1, 6]",2.0,1.5111491037267706,2.0,0.7341268769260312,1.122637990326401,4.0,4.490551961305604,13,1,6
move,"[""move"", 13, 1, 7]",2.0,1.754191361074755,2.0,0.723674294466897,1.238932827770826,4.0,4.955731311083304,13,1,7
move,"[""move"", 13, 1, 8]",2.0,1.5052818533188908,2.0,0.7341807413557041,1.1197312973372973,4.0,4.478925189349189,13,1,8
move,"[""move"", 13, 1, 9]",2.0,1.5125806965165962,2.0,0.7426266808680531,1.1276036886923246,4.0,4.5104147547692985,13,1,9
move,"[""move"", 13, 2, 0]",2.0,1.5735571676447018,2.0,0.7554807225103979,1.16451894507755,4.0,4.6580757803102,13,2,0
move,"[""move"", 13, 2, 1]",2.0,1.7279430589117104,2.0,0.7343211444251561,1.2311321016684333,4.0,4.924528406673733,13,2,1
move,"[""move"", 13, 2, 3]",2.0,1.8686046327517023,2.0,0.7705648460103833,1.3195847393810427,4.0,5.278338957524171,13,2,3
move,"[""move"", 13, 2, 4]",1.0,1.513618948027451,1.0,0.7721680199674932,1.142893483997472,2.0,2.285786967994944,13,2,4
move,"[""move"", 13, 2, 5]",2.0,1.795719347178236,2.0,0.7374692233252003,1.266594285251718,4.0,5.066377141006872,13,2,5
move,"[""move"", 13, 2, 6]",2.0,1.689598187269674,2.0,0.75064084373224,1.2201195155009572,4.0,4.880478062003829,13,2,6
move,"[""move"", 13, 2, 7]",1.0,1.3801001037039522,1.0,0.7250183584950436,1.0525592310994978,2.0,2.1051184621989956,13,2,7
move,"[""move"", 13, 2, 8]",2.0,1.7404774241985694,2.0,0.7262012051722888,1.233339314685429,4.0,4.933357258741716,13,2,8
move,"[""move"", 13, 2, 9]",1.0,1.4541476787855372,1.0,0.7366711584135192,1.0954094185995282,2.0,2.1908188371990565,13,2,9
move,"[""move"", 13, 3, 0]",2.0,1.3036695073837747,2.0,0.7373891328623481,1.0205293201230612,4.0,4.082117280492245,13,3,0
move,"[""move"", 13, 3, 1]",2.0,1.5911275824421196,2.0,0.720639596778197,1.1558835896101582,4.0,4.623534358440633,13,3,1
move,"[""move"", 13, 3, 2]",1.0,1.2228551105206897,1.0,0.753683115933994,0.9882691132273418,2.0,1.9765382264546836,13,3,2
move,"[""move"", 13, 3, 4]",2.0,1.8101407219167047,2.0,0.7461681190711419,1.2781544204939232,4.0,5.112617681975693,13,3,4
move,"[""move"", 13, 3, 5]",2.0,1.4527904057769203,2.0,0.7412913494655247,1.0970408776212226,4.0,4.38816351048489,13,3,5
move,"[""move"", 13, 3, 6]",2.0,1.6444569712425214,2.0,0.7491304635128582,1.1967937173776897,4.0,4.787174869510759,13,3,6
move,"[""move"", 13, 3, 7]",2.0,1.4664003679995687,2.0,0.7379811011737993,1.1021907345866842,4.0,4.408762938346737,13,3,7
move,"[""move"", 13, 3, 8]",2.0,1.8157687120982193,2.0,0.7583464690281119,1.2870575905631658,4.0,5.148230362252663,13,3,8
move,"[""move"", 13, 3, 9]",2.0,1.6995874113808864,2.0,0.7489599036828263,1.2242736575318565,4.0,4.897094630127426,13,3,9
move,"[""move"", 13, 4, 0]",2.0,1.5682556649169004,2.0,0.7276992843431975,1.147977474630049,4.0,4.591909898520196,13,4,0
move,"[""move"", 13, 4, 1]",1.0,1.4459894194961982,1.0,0.7259748724834664,1.0859821459898322,2.0,2.1719642919796645,13,4,1
move,"[""move"", 13, 4, 2]",2.0,1.7041770074616482,2.0,0.7494017464142373,1.2267893769379425,4.0,4.90715750775177,13,4,2
move,"[""move"", 13, 4, 3]",2.0,1.687100898743887,2.0,0.7495836512747394,1.2183422750093131,4.0,4.8733691000372525,13,4,3
move,"[""move"", 13, 4, 5]",2.0,1.5966129905141713,2.0,0.757694440821753,1.1771537156679621,4.0,4.7086148626718485,13,4,5
move,"[""move"", 13, 4, 6]",2.0,1.5956950232053377,2.0,0.7466076674398707,1.1711513453226043,4.0,4.684605381290417,13,4,6
move,"[""move"", 13, 4, 7]",2.0,1.441562285044063,2.0,0.7344466584150746,1.0880044717295687,4.0,4.352017886918275,13,4,7
move,"[""move"", 13, 4, 8]",1.0,2.0434307887487493,1.0,0.737691202154574,1.3905609954516616,2.0,2.781121990903323,13,4,8
move,"[""move"", 13, 4, 9]",1.0,1.6169428550746772,1.0,0.747946757020313,1.182444806047495,2.0,2.36488961209499,13,4,9
move,"[""move"", 13, 5, 0]",2.0,1.7800849884295429,2.0,0.742732675145677,1.26140883178761,4.0,5.04563532715044,13,5,0
move,"[""move"", 13, 5, 1]",2.0,1.6650317651635511,2.0,0.7169866558787299,1.1910092105211405,4.0,4.764036842084562,13,5,1
move,"[""move"", 13, 5, 2]",2.0,1.7395306323280784,2.0,0.7215222337506774,1.230526433039378,4.0,4.922105732157512,13,5,2
move,"[""move"", 13, 5, 3]",2.0,1.6797181363562217,2.0,0.7504800195717144,1.215099077963968,4.0,4.860396311855872,13,5,3
move,"[""move"", 13, 5, 4]",2.0,1.5356214134211803,2.0,0.7519895646808245,1.1438054890510023,4.0,4.575221956204009,13,5,4
move,"[""move"", 13, 5, 6]",2.0,1.5735823637822262,2.0,0.7446620955163096,1.159122229649268,4.0,4.636488918597072,13,5,6
move,"[""move"", 13, 5, 7]",1.0,1.3310654212599267,1.0,0.7518225766133946,1.0414439989366606,2.0,2.0828879978733212,13,5,7
move,"[""move"", 13, 5, 8]",2.0,1.85520217983503,2.0,0.7639248075824929,1.3095634937087617,4.0,5.238253974835047,13,5,8
move,"[""move"", 13, 5, 9]",2.0,1.5415008967635533,2.0,0.7467567197233553,1.1441288082434544,4.0,4.576515232973818,13,5,9
move,"[""move"", 13, 6, 0]",2.0,1.3525957189997875,2.0,0.7422817540239492,1.0474387365118685,4.0,4.189754946047474,13,6,0
move,"[""move"", 13, 6, 1]",2.0,1.6068943858233775,2.0,0.7292611609445607,1.1680777733839691,4.0,4.6723110935358765,13,6,1
move,"[""move"", 13, 6, 2]",2.0,1.78846370088633,2.0,0.7264155406065025,1.2574396207464162,4.0,5.029758482985665,13,6,2
move,"[""move"", 13, 6, 3]",1.0,1.2765597680301495,1.0,0.6431627379989701,0.9598612530145598,2.0,1.9197225060291196,13,6,3
move,"[""move"", 13, 6, 4]",2.0,1.8047241322718162,2.0,0.7399782509207271,1.2723511915962717,4.0,5.089404766385087,13,6,4
move,"[""move"", 13, 6, 5]",2.0,1.822016711845978,2.0,0.7519490278518447,1.2869828698489114,4.0,5.147931479395646,13,6,5
move,"[""move"", 13, 6, 7]",1.0,1.2300574062556195,1.0,0.7417217751129639,0.9858895906842917,2.0,1.9717791813685834,13,6,7
move,"[""move"", 13, 6, 8]",2.0,2.120935264075051,2.0,0.785796195525245,1.453365729800148,4.0,5.813462919200592,13,6,8
move,"[""move"", 13, 6, 9]",2.0,1.582699665348601,2.0,0.7436252876137526,1.1631624764811768,4.0,4.652649905924707,13,6,9
move,"[""move"", 13, 7, 0]",2.0,1.5302139281983487,2.0,0.7392596494874897,1.1347367888429192,4.0,4.538947155371677,13,7,0
move,"[""move"", 13, 7, 1]",1.0,1.5569303399118715,1.0,0.7208877142793102,1.1389090270955908,2.0,2.2778180541911817,13,7,1
move,"[""move"", 13, 7, 2]",1.0,1.3246261783605946,1.0,0.7290026636225464,1.0268144209915704,2.0,2.0536288419831408,13,7,2
move,"[""move"", 13, 7, 3]",2.0,1.5904540769627418,2.0,0.7533851360742181,1.1719196065184798,4.0,4.687678426073919,13,7,3
move,"[""move"", 13, 7, 4]",2.0,1.4879701809789676,2.0,0.7549138124771259,1.1214419967280467,4.0,4.485767986912187,13,7,4
move,"[""move"", 13, 7, 5]",2.0,1.784713639476812,2.0,0.759248198662027,1.2719809190694193,4.0,5.087923676277677,13,7,5
move,"[""move"", 13, 7, 6]",1.0,1.6361443874298698,1.0,0.7498669102558323,1.193005648842851,2.0,2.386011297685702,13,7,6
move,"[""move"", 13, 7, 8]",1.0,2.187519025554267,1.0,0.755370009396526,1.4714445174753965,2.0,2.942889034950793,13,7,8
move,"[""move"", 13, 7, 9]",1.0,1.2289749374730246,1.0,0.7599622954904153,0.9944686164817199,2.0,1.9889372329634398,13,7,9
move,"[""move"", 13, 8, 0]",2.0,1.5890290678592214,2.0,0.7549582890775667,1.171993678468394,4.0,4.687974713873576,13,8,0
move,"[""move"", 13, 8, 1]",2.0,1.3624431540735324,2.0,0.7378347275203474,1.05013894079694,4.0,4.20055576318776,13,8,1
move,"[""move"", 13, 8, 2]",2.0,1.4685204453595515,2.0,0.7400776914111251,1.1042990683853382,4.0,4.417196273541353,13,8,2
move,"[""move"", 13, 8, 3]",2.0,1.585903989115193,2.0,0.729856043525136,1.1578800163201646,4.0,4.631520065280658,13,8,3
move,"[""move"", 13, 8, 4]",2.0,1.7406938185596044,2.0,0.7381431535245059,1.239418486042055,4.0,4.95767394416822,13,8,4
move,"[""move"", 13, 8, 5]",2.0,1.9359214408748664,2.0,0.7594098465984835,1.347665643736675,4.0,5.3906625749467,13,8,5
move,"[""move"", 13, 8, 6]",1.0,1.5094954629275275,1.0,0.7516171831870914,1.1305563230573095,2.0,2.261112646114619,13,8,6
move,"[""move"", 13, 8, 7]",1.0,1.299797308869731,1.0,0.748695765374375,1.024246537122053,2.0,2.048493074244106,13,8,7
move,"[""move"", 13, 8, 9]",1.0,1.4582847620138044,1.0,0.7464961130957191,1.1023904375547617,2.0,2.2047808751095235,13,8,9
move,"[""move"", 13, 9, 0]",2.0,1.6948211907780404,2.0,0.7425608549757106,1.2186910228768757,4.0,4.874764091507503,13,9,0
move,"[""move"", 13, 9, 1]",2.0,1.437888875840641,2.0,0.7400047740387248,1.088946824939683,4.0,4.355787299758732,13,9,1
move,"[""move"", 13, 9, 2]",2.0,1.7233752260794168,2.0,0.7494175413370501,1.2363963837082335,4.0,4.945585534832934,13,9,2
move,"[""move"", 13, 9, 3]",2.0,1.5343488965677174,2.0,0.7359436417392093,1.1351462691534633,4.0,4.540585076613853,13,9,3
move,"[""move"", 13, 9, 4]",2.0,1.399711001566591,2.0,0.7451452792386474,1.0724281404026192,4.0,4.289712561610477,13,9,4
move,"[""move"", 13, 9, 5]",1.0,1.2565541725927196,1.0,0.7444680758309485,1.000511124211834,2.0,2.001022248423668,13,9,5
move,"[""move"", 13, 9, 6]",1.0,1.5152852487030577,1.0,0.7250103294428809,1.1201477890729694,2.0,2.240295578145939,13,9,6
move,"[""move"", 13, 9, 7]",1.0,1.205027454372708,1.0,0.7392187799246728,0.9721231171486904,2.0,1.9442462342973807,13,9,7
move,"[""move"", 13, 9, 8]",2.0,2.0850302979920867,2.0,0.7860936700481986,1.4355619840201428,4.0,5.742247936080571,13,9,8
move,"[""move"", 14, 1, 0]",1.0,1.3947484542437851,1.0,0.7067460039316539,1.0507472290877196,2.0,2.101494458175439,14,1,0
move,"[""move"", 14, 2, 0]",1.0,1.3799304971375108,1.0,0.7052642082210264,1.0425973526792687,2.0,2.0851947053585373,14,2,0
move,"[""move"", 14, 2, 8]",1.0,1.4085952553961631,1.0,0.7081306840468917,1.0583629697215273,2.0,2.1167259394430546,14,2,8
move,"[""move"", 14, 3, 0]",1.0,1.4595470794924115,1.0,0.7132258664565165,1.0863864729744641,2.0,2.1727729459489282,14,3,0
move,"[""move"", 21, 0, 1]",6.0,1.9869078870869157,6.0,0.7184687914607367,1.3526883392738263,12.0,16.232260071285914,21,0,1
move,"[""move"", 21, 0, 2]",4.0,1.434442334093541,4.0,0.701550058132721,1.0679961961131312,8.0,8.54396956890505,21,0,2
move,"[""move"", 21, 0, 3]",5.0,1.82675672706996,5.0,0.7204765268156923,1.2736166269428264,10.0,12.736166269428264,21,0,3
move,"[""move"", 21, 0, 4]",4.0,1.3988230082959916,4.0,0.7070210779234992,1.0529220431097452,8.0,8.423376344877962,21,0,4
move,"[""move"", 21, 0, 5]",4.0,1.4321313519376735,4.0,0.7084981550514311,1.0703147534945525,8.0,8.56251802795642,21,0,5
move,"[""move"", 21, 0, 6]",4.0,1.6584589874486197,4.0,0.7187964791434527,1.1886277332960362,8.0,9.50902186636829,21,0,6
move,"[""move"", 21, 0, 7]",4.0,1.530980066709973,4.0,0.7021635122529202,1.1165717894814466,8.0,8.932574315851573,21,0,7
move,"[""move"", 21, 0, 8]",4.0,1.4522440099991858,4.0,0.7039581757245033,1.0781010928618446,8.0,8.624808742894757,21,0,8
move,"[""move"", 21, 0, 9]",5.0,1.5986743374948214,5.0,0.7170484088748876,1.1578613731848546,10.0,11.578613731848545,21,0,9
move,"[""move"", 21, 1, 0]",6.0,1.9422286271259974,6.0,0.7090982184126599,1.3256634227693285,12.0,15.907961073231942,21,1,0
move,"[""move"", 21, 1, 2]",5.0,1.5595583292162907,5.0,0.7362245823130333,1.147891455764662,10.0,11.47891455764662,21,1,2
move,"[""move"", 21, 1, 3]",4.0,1.353623435988732,4.0,0.6997079329619248,1.0266656844753284,8.0,8.213325475802627,21,1,3
move,"[""move"", 21, 1, 4]",4.0,1.576366548403508,4.0,0.7221504494102202,1.1492584989068642,8.0,9.194067991254913,21,1,4
move,"[""move"", 21, 1, 5]",4.0,1.4800975373327758,4.0,0.6980507878125466,1.0890741625726612,8.0,8.71259330058129,21,1,5
move,"[""move"", 21, 1, 6]",5.0,1.7159601654665781,5.0,0.7169970902773901,1.2164786278719841,10.0,12.164786278719841,21,1,6
move,"[""move"", 21, 1, 7]",4.0,1.3690730412885985,4.0,0.7131727505638411,1.0411228959262198,8.0,8.328983167409758,21,1,7
move,"[""move"", 21, 1, 8]",5.0,1.783106098922532,5.0,0.715148139704064,1.249127119313298,10.0,12.491271193132981,21,1,8
move,"[""move"", 21, 1, 9]",6.0,1.896747222894432,6.0,0.7085238516395306,1.3026355372669813,12.0,15.631626447203777,21,1,9
move,"[""move"", 21, 2, 0]",4.0,1.518096757628204,4.0,0.712952729806791,1.1155247437174978,8.0,8.924197949739982,21,2,0
move,"[""move"", 21, 2, 1]",4.0,1.5598809674601621,4.0,0.7221832148668114,1.1410320911634866,8.0,9.128256729307893,21,2,1
move,"[""move"", 21, 2, 3]",6.0,1.9449109445103672,6.0,0.7201924934199747,1.3325517189651712,12.0,15.990620627582054,21,2,3
move,"[""move"", 21, 2, 4]",5.0,1.7705605361770715,5.0,0.7292956909176638,1.2499281135473679,10.0,12.499281135473678,21,2,4
move,"[""move"", 21, 2, 5]",6.0,2.0326677236323136,6.0,0.7092627288529996,1.3709652262426568,12.0,16.451582714911883,21,2,5
move,"[""move"", 21, 2, 6]",4.0,1.5021397534861878,4.0,0.6951060342251063,1.098622893855647,8.0,8.788983150845176,21,2,6
move,"[""move"", 21, 2, 7]",4.0,1.4497986854404075,4.0,0.7185147969528948,1.0841567411966513,8.0,8.67325392957321,21,2,7
move,"[""move"", 21, 2, 8]",4.0,1.7463135151539064,4.0,0.7019749557719582,1.2241442354629322,8.0,9.793153883703457,21,2,8
move,"[""move"", 21, 2, 9]",4.0,1.5570584048578389,4.0,0.7178716789020643,1.1374650418799517,8.0,9.099720335039613,21,2,9
move,"[""move"", 21, 3, 0]",4.0,1.5280042915396814,4.0,0.7070938405467913,1.1175490660432366,8.0,8.940392528345892,21,3,0
move,"[""move"", 21, 3, 1]",4.0,1.6711585765574246,4.0,0.7179534042994833,1.194555990428454,8.0,9.556447923427632,21,3,1
move,"[""move"", 21, 3, 2]",5.0,1.6593021417639318,5.0,0.7101180664326081,1.18471010409827,10.0,11.8471010409827,21,3,2
move,"[""move"", 21, 3, 4]",6.0,2.1097926975393886,6.0,0.7252599823972842,1.4175263399683364,12.0,17.010316079620036,21,3,4
move,"[""move"", 21, 3, 5]",4.0,1.8595843194639303,4.0,0.7134040025356386,1.2864941609997846,8.0,10.291953287998277,21,3,5
move,"[""move"", 21, 3, 6]",5.0,1.7994241114251512,5.0,0.7337168128527216,1.2665704621389362,10.0,12.665704621389363,21,3,6
move,"[""move"", 21, 3, 7]",5.0,1.7030567672914128,5.0,0.7241600069766401,1.2136083871340264,10.0,12.136083871340263,21,3,7
move,"[""move"", 21, 3, 8]",4.0,1.7260810389679293,4.0,0.6923458051042165,1.209213422036073,8.0,9.673707376288585,21,3,8
move,"[""move"", 21, 3, 9]",4.0,1.6680078206032463,4.0,0.6993331744203253,1.1836704975117858,8.0,9.469363980094286,21,3,9
move,"[""move"", 21, 4, 0]",5.0,1.6548984674534004,5.0,0.7101479321736539,1.1825231998135273,10.0,11.825231998135273,21,4,0
move,"[""move"", 21, 4, 1]",6.0,1.8678407139317155,6.0,0.7163079989367662,1.292074356434241,12.0,15.50489227721089,21,4,1
move,"[""move"", 21, 4, 2]",5.0,1.7694731234597338,5.0,0.7278142889007315,1.2486437061802325,10.0,12.486437061802325,21,4,2
move,"[""move"", 21, 4, 3]",5.0,1.7182117581245044,5.0,0.7405784948658731,1.2293951264951886,10.0,12.293951264951886,21,4,3
move,"[""move"", 21, 4, 5]",6.0,1.8904892561750355,6.0,0.7364443795218468,1.313466817848441,12.0,15.761601814181292,21,4,5
move,"[""move"", 21, 4, 6]",4.0,1.7376353914063152,4.0,0.7339650352178176,1.2358002133120662,8.0,9.88640170649653,21,4,6
move,"[""move"", 21, 4, 7]",4.0,1.6084414877978186,4.0,0.7181027095582592,1.163272098678039,8.0,9.306176789424311,21,4,7
move,"[""move"", 21, 4, 8]",4.0,1.5732062895137582,4.0,0.7138513732848529,1.1435288313993055,8.0,9.148230651194444,21,4,8
move,"[""move"", 21, 4, 9]",4.0,1.5314457341666574,4.0,0.7094254242403852,1.1204355792035212,8.0,8.96348463362817,21,4,9
move,"[""move"", 21, 5, 0]",4.0,1.469672404021693,4.0,0.6847694949194194,1.0772209494705565,8.0,8.617767595764452,21,5,0
move,"[""move"", 21, 5, 1]",4.0,1.5245537000921792,4.0,0.696483101150575,1.1105184006213769,8.0,8.884147204971015,21,5,1
move,"[""move"", 21, 5, 2]",5.0,1.7828080853098907,5.0,0.72657910059591,1.2546935929529002,10.0,12.546935929529,21,5,2
move,"[""move"", 21, 5, 3]",5.0,1.7594019783488464,5.0,0.7250865492885603,1.2422442638187032,10.0,12.422442638187032,21,5,3
move,"[""move"", 21, 5, 4]",5.0,1.7378944184632452,5.0,0.738347767678761,1.2381210930710034,10.0,12.381210930710033,21,5,4
move,"[""move"", 21, 5, 6]",6.0,1.9430001760684987,6.0,0.7347903496271039,1.3388952628478012,12.0,16.066743154173615,21,5,6
move,"[""move"", 21, 5, 7]",5.0,1.8427573566365432,5.0,0.7296380019418794,1.2861976792892114,10.0,12.861976792892113,21,5,7
move,"[""move"", 21, 5, 8]",4.0,1.3198963520969107,4.0,0.7172919639043253,1.018594158000618,8.0,8.148753264004943,21,5,8
move,"[""move"", 21, 5, 9]",5.0,1.7210743733351639,5.0,0.7081856038419081,1.2146299885885363,10.0,12.146299885885362,21,5,9
move,"[""move"", 21, 6, 0]",4.0,1.692399242430808,4.0,0.7029496037005348,1.1976744230656715,8.0,9.581395384525372,21,6,0
move,"[""move"", 21, 6, 1]",5.0,1.6894967548068074,5.0,0.7118489244309163,1.200672839618862,10.0,12.006728396188619,21,6,1
move,"[""move"", 21, 6, 2]",4.0,1.395564031426933,4.0,0.7041118001140483,1.0498379157704907,8.0,8.398703326163925,21,6,2
move,"[""move"", 21, 6, 3]",5.0,1.6039862269060279,5.0,0.714030559824613,1.1590083933653204,10.0,11.590083933653204,21,6,3
move,"[""move"", 21, 6, 4]",4.0,1.4724166764954814,4.0,0.719749628885019,1.0960831526902501,8.0,8.768665221522001,21,6,4
move,"[""move"", 21, 6, 5]",6.0,1.8542604444945168,6.0,0.7346772314501605,1.2944688379723384,12.0,15.53362605566806,21,6,5
move,"[""move"", 21, 6, 7]",5.0,1.6320396499433538,5.0,0.7368011654653297,1.1844204077043414,10.0,11.844204077043415,21,6,7
move,"[""move"", 21, 6, 8]",4.0,1.7874899728379483,4.0,0.7270115520785293,1.257250762458239,8.0,10.058006099665912,21,6,8
move,"[""move"", 21, 6, 9]",5.0,1.6504810310699707,5.0,0.704511708502065,1.177496369786018,10.0,11.77496369786018,21,6,9
move,"[""move"", 21, 7, 0]",5.0,1.9942685597087881,5.0,0.7036500606759332,1.3489593101923607,10.0,13.489593101923607,21,7,0
move,"[""move"", 21, 7, 1]",4.0,1.4493441676877912,4.0,0.7201233258576895,1.0847337467727405,8.0,8.677869974181924,21,7,1
move,"[""move"", 21, 7, 2]",4.0,1.4152312927239983,4.0,0.7052000095741203,1.0602156511490595,8.0,8.481725209192476,21,7,2
move,"[""move"", 21, 7, 3]",3.0,1.1972743800837347,3.0,0.7059387800664529,0.9516065800750938,6.0,5.709639480450563,21,7,3
move,"[""move"", 21, 7, 4]",5.0,1.683837080067922,5.0,0.6920544628498854,1.1879457714589041,10.0,11.87945771458904,21,7,4
move,"[""move"", 21, 7, 5]",5.0,1.5849608517863465,5.0,0.7281881389906936,1.15657449538852,10.0,11.5657449538852,21,7,5
move,"[""move"", 21, 7, 6]",5.0,1.951546844611454,5.0,0.7321864779198397,1.3418666612656467,10.0,13.418666612656468,21,7,6
move,"[""move"", 21, 7, 8]",4.0,1.9396426159005993,4.0,0.7314409367674761,1.3355417763340376,8.0,10.6843342106723,21,7,8
move,"[""move"", 21, 7, 9]",4.0,1.6240419753870514,4.0,0.7207835070928708,1.172412741239961,8.0,9.379301929919688,21,7,9
move,"[""move"", 21, 8, 0]",5.0,1.6546488943037978,5.0,0.7053159374527838,1.1799824158782908,10.0,11.799824158782908,21,8,0
move,"[""move"", 21, 8, 1]",4.0,1.4443590898648522,4.0,0.73343556116347,1.0888973255141612,8.0,8.71117860411329,21,8,1
move,"[""move"", 21, 8, 2]",4.0,1.3643605109527557,4.0,0.7100521103820622,1.0372063106674088,8.0,8.29765048533927,21,8,2
move,"[""move"", 21, 8, 3]",4.0,1.2671646307417312,4.0,0.6946928293306527,0.9809287300361921,8.0,7.847429840289537,21,8,3
move,"[""move"", 21, 8, 4]",5.0,1.6673402732785074,5.0,0.7288951387571182,1.1981177060178125,10.0,11.981177060178126,21,8,4
move,"[""move"", 21, 8, 5]",5.0,1.640306964352448,5.0,0.725143970584788,1.1827254674686178,10.0,11.827254674686179,21,8,5
move,"[""move"", 21, 8, 6]",5.0,1.8188025630405664,5.0,0.7370077668238537,1.2779051649322102,10.0,12.779051649322101,21,8,6
move,"[""move"", 21, 8, 7]",4.0,1.5133516440537718,4.0,0.7443645709341191,1.1288581074939454,8.0,9.030864859951564,21,8,7
move,"[""move"", 21, 8, 9]",4.0,1.5568497763525435,4.0,0.7211486491214902,1.1389992127370168,8.0,9.111993701896134,21,8,9
move,"[""move"", 21, 9, 0]",4.0,1.5092042694294294,4.0,0.7100564430631796,1.1096303562463046,8.0,8.877042849970437,21,9,0
move,"[""move"", 21, 9, 1]",6.0,1.8575679533435208,6.0,0.7385493009699905,1.2980586271567556,12.0,15.576703525881067,21,9,1
move,"[""move"", 21, 9, 2]",4.0,1.358426875672067,4.0,0.7143581896905886,1.0363925326813277,8.0,8.291140261450622,21,9,2
move,"[""move"", 21, 9, 3]",3.0,1.0766189312773051,3.0,0.7218957414711102,0.8992573363742079,6.0,5.395544018245247,21,9,3
move,"[""move"", 21, 9, 4]",4.0,1.5250128029985426,4.0,0.7099138725193289,1.1174633377589358,8.0,8.939706702071486,21,9,4
move,"[""move"", 21, 9, 5]",4.0,1.3674420494869661,4.0,0.709008215090863,1.0382251322889147,8.0,8.305801058311317,21,9,5
move,"[""move"", 21, 9, 6]",5.0,1.8780754140836737,5.0,0.7237624294987277,1.3009189217912007,10.0,13.009189217912008,21,9,6
move,"[""move"", 21, 9, 7]",5.0,1.8071533570124942,5.0,0.7204287984733064,1.2637910777429002,10.0,12.637910777429003,21,9,7
move,"[""move"", 21, 9, 8]",5.0,1.9823068717971601,5.0,0.7254339239734431,1.3538703978853017,10.0,13.538703978853016,21,9,8
move,"[""move"", 24, 0, 3]",1.0,2.2793223967126304,1.0,0.7502059715394653,1.5147641841260477,2.0,3.0295283682520955,24,0,3
move,"[""move"", 24, 1, 3]",1.0,2.201014479981068,1.0,0.7423751798663091,1.4716948299236885,2.0,2.943389659847377,24,1,3
move,"[""move"", 24, 2, 3]",1.0,2.1673180184530576,1.0,0.739005533713508,1.4531617760832827,2.0,2.9063235521665653,24,2,3
move,"[""move"", 24, 2, 8]",1.0,2.0565850025568206,1.0,0.7279322321238844,1.3922586173403526,2.0,2.7845172346807052,24,2,8
move,"[""move"", 28, 0, 1]",1.0,1.407238265849947,1.0,0.7043835551273825,1.0558109104886646,2.0,2.111621820977329,28,0,1
move,"[""move"", 28, 0, 2]",1.0,1.2099562819114533,1.0,0.6948648027835331,0.9524105423474932,2.0,1.9048210846949865,28,0,2
move,"[""move"", 28, 0, 3]",1.0,1.322248493562432,1.0,0.695795040811131,1.0090217671867814,2.0,2.0180435343735628,28,0,3
move,"[""move"", 28, 0, 4]",1.0,1.4592218345745278,1.0,0.7255915532636844,1.0924066939191062,2.0,2.1848133878382123,28,0,4
move,"[""move"", 28, 0, 5]",1.0,1.0225316777889608,1.0,0.6816498443261952,0.8520907610575781,2.0,1.7041815221151562,28,0,5
move,"[""move"", 28, 0, 6]",1.0,1.7917875048278162,1.0,0.7508845575576849,1.2713360311927506,2.0,2.5426720623855013,28,0,6
move,"[""move"", 28, 0, 7]",1.0,1.9090012873328244,1.0,0.7492535529677243,1.3291274201502743,2.0,2.6582548403005486,28,0,7
move,"[""move"", 28, 1, 0]",1.0,0.44561930709466724,1.0,0.6883088887895675,0.5669640979421173,2.0,1.1339281958842347,28,1,0
move,"[""move"", 28, 1, 3]",1.0,0.8402475274749217,1.0,0.7277717108275931,0.7840096191512573,2.0,1.5680192383025147,28,1,3
move,"[""move"", 28, 1, 5]",1.0,1.1957501029993582,1.0,0.698971686847235,0.9473608949232966,2.0,1.8947217898465931,28,1,5
move,"[""move"", 28, 1, 6]",1.0,1.7604399763955962,1.0,0.7475598552811297,1.253999915838363,2.0,2.507999831676726,28,1,6
move,"[""move"", 28, 1, 7]",1.0,1.7214527006908793,1.0,0.7446055822701965,1.2330291414805379,2.0,2.4660582829610758,28,1,7
move,"[""move"", 28, 1, 8]",1.0,1.6560630621748844,1.0,0.738066618418597,1.1970648402967408,2.0,2.3941296805934815,28,1,8
move,"[""move"", 28, 2, 1]",1.0,1.5211835031911929,1.0,0.729493042587851,1.1253382728895218,2.0,2.2506765457790436,28,2,1
move,"[""move"", 28, 2, 3]",1.0,1.2450005289206107,1.0,0.7293292412344283,0.9871648850775195,2.0,1.974329770155039,28,2,3
move,"[""move"", 28, 2, 4]",1.0,1.271632280497375,1.0,0.7319924163921048,1.0018123484447399,2.0,2.0036246968894798,28,2,4
move,"[""move"", 28, 2, 6]",1.0,1.7997757132770866,1.0,0.751683378402612,1.2757295458398494,2.0,2.551459091679699,28,2,6
move,"[""move"", 28, 2, 7]",1.0,1.6351613357999253,1.0,0.7359764457811011,1.1855688907905133,2.0,2.3711377815810266,28,2,7
move,"[""move"", 28, 3, 0]",1.0,1.7107902022634045,1.0,0.7098284788332503,1.2103093405483274,2.0,2.420618681096655,28,3,0
move,"[""move"", 28, 3, 1]",1.0,1.8148200933594174,1.0,0.7611513791421735,1.2879857362507954,2.0,2.5759714725015908,28,3,1
move,"[""move"", 28, 3, 2]",1.0,1.2200718031833375,1.0,0.7385688432241121,0.9793203232037249,2.0,1.9586406464074497,28,3,2
move,"[""move"", 28, 3, 4]",1.0,1.5431660197737596,1.0,0.733713278524675,1.1384396491492172,2.0,2.2768792982984345,28,3,4
move,"[""move"", 28, 3, 5]",1.0,1.7632178631676187,1.0,0.7312575480083695,1.2472377055879942,2.0,2.4944754111759884,28,3,5
move,"[""move"", 28, 3, 6]",1.0,1.8589221609065767,1.0,0.757598023165561,1.3082600920360687,2.0,2.6165201840721375,28,3,6
move,"[""move"", 28, 4, 0]",1.0,1.9029411975271595,1.0,0.7290435783596257,1.3159923879433926,2.0,2.631984775886785,28,4,0
move,"[""move"", 28, 4, 1]",1.0,1.3608261956106318,1.0,0.7198779193612629,1.0403520574859473,2.0,2.0807041149718946,28,4,1
move,"[""move"", 28, 4, 2]",1.0,1.5161046153178335,1.0,0.706546223223391,1.1113254192706123,2.0,2.2226508385412247,28,4,2
move,"[""move"", 28, 4, 3]",1.0,0.8132112963394295,1.0,0.7250680877140439,0.7691396920267366,2.0,1.5382793840534732,28,4,3
move,"[""move"", 28, 4, 5]",1.0,1.609229680956065,1.0,0.7158587297872141,1.1625442053716395,2.0,2.325088410743279,28,4,5
move,"[""move"", 28, 5, 0]",1.0,1.7982647566846983,1.0,0.7185759342753797,1.258420345480039,2.0,2.516840690960078,28,5,0
move,"[""move"", 28, 5, 1]",1.0,1.4905631430945245,1.0,0.7287256841156842,1.1096444136051042,2.0,2.2192888272102085,28,5,1
move,"[""move"", 28, 5, 2]",1.0,1.3759245554372095,1.0,0.7213877553439206,1.0486561553905651,2.0,2.0973123107811302,28,5,2
move,"[""move"", 28, 5, 3]",1.0,1.4007280444446482,1.0,0.7449019927868321,1.0728150186157401,2.0,2.1456300372314803,28,5,3
move,"[""move"", 28, 5, 4]",1.0,1.4063046061400248,1.0,0.7454596489563698,1.0758821275481973,2.0,2.1517642550963947,28,5,4
move,"[""move"", 28, 5, 7]",1.0,0.6033453443348797,1.0,0.7040814925135888,0.6537134184242342,2.0,1.3074268368484685,28,5,7
move,"[""move"", 28, 6, 0]",1.0,1.974359761816561,1.0,0.7361854347885659,1.3552725983025633,2.0,2.7105451966051266,28,6,0
move,"[""move"", 28, 6, 1]",1.0,1.2586278265407214,1.0,0.7096580824542719,0.9841429544974967,2.0,1.9682859089949933,28,6,1
move,"[""move"", 28, 6, 2]",1.0,1.4064219801230238,1.0,0.7463648268180807,1.0763934034705522,2.0,2.1527868069411045,28,6,2
move,"[""move"", 28, 6, 4]",1.0,1.4429430812181372,1.0,0.7236909846691129,1.083317032943625,2.0,2.16663406588725,28,6,4
move,"[""move"", 28, 6, 5]",1.0,1.3298161757735032,1.0,0.7478974157831286,1.038856795778316,2.0,2.077713591556632,28,6,5
move,"[""move"", 28, 7, 0]",1.0,1.7707988885056287,1.0,0.7320156505421704,1.2514072695238996,2.0,2.502814539047799,28,7,0
move,"[""move"", 28, 7, 1]",1.0,1.2298585511702838,1.0,0.706781154917228,0.9683198530437559,2.0,1.9366397060875118,28,7,1
move,"[""move"", 28, 7, 2]",1.0,-0.23658781556018305,0.0,0.0,-0.23658781556018305,1.0,-0.23658781556018305,28,7,2
move,"[""move"", 28, 7, 3]",1.0,1.4229614315723118,1.0,0.716165317749619,1.0695633746609654,2.0,2.139126749321931,28,7,3
move,"[""move"", 28, 7, 5]",1.0,1.2493193378532468,1.0,0.741493596691103,0.995406467272175,2.0,1.99081293454435,28,7,5
move,"[""move"", 29, 0, 1]",2.0,1.758016609186996,2.0,0.7457721996987251,1.2518944044428604,4.0,5.0075776177714415,29,0,1
move,"[""move"", 29, 0, 2]",2.0,1.7712130684372558,2.0,0.7336592186012636,1.2524361435192595,4.0,5.009744574077038,29,0,2
move,"[""move"", 29, 0, 3]",2.0,1.8400554303116983,2.0,0.7321874775021224,1.2861214539069104,4.0,5.144485815627641,29,0,3
move,"[""move"", 29, 0, 4]",2.0,1.0379922702070328,2.0,0.7082538346474827,0.8731230524272577,4.0,3.492492209709031,29,0,4
move,"[""move"", 29, 0, 5]",2.0,1.8161071005158935,2.0,0.7294140879555767,1.2727605942357352,4.0,5.091042376942941,29,0,5
move,"[""move"", 29, 0, 6]",2.0,1.6981716354214051,2.0,0.7081319032754496,1.2031517693484273,4.0,4.812607077393709,29,0,6
move,"[""move"", 29, 0, 7]",2.0,1.5054869400563295,2.0,0.7452388778270542,1.1253629089416919,4.0,4.5014516357667675,29,0,7
move,"[""move"", 29, 0, 8]",2.0,1.3171027029732292,2.0,0.7324424699034282,1.0247725864383288,4.0,4.099090345753315,29,0,8
move,"[""move"", 29, 0, 9]",2.0,1.758134907693078,2.0,0.7525201285130967,1.2553275181030872,4.0,5.021310072412349,29,0,9
move,"[""move"", 29, 1, 0]",2.0,1.5615506038642368,2.0,0.7546351953130147,1.1580928995886257,4.0,4.632371598354503,29,1,0
move,"[""move"", 29, 1, 2]",2.0,1.441977795331971,2.0,0.7323875256699359,1.0871826605009534,4.0,4.348730642003813,29,1,2
move,"[""move"", 29, 1, 3]",2.0,1.8699387445655935,2.0,0.7262748828523684,1.2981068137089808,4.0,5.192427254835923,29,1,3
move,"[""move"", 29, 1, 4]",2.0,1.6826795065108833,2.0,0.7255519135230082,1.2041157100169455,4.0,4.816462840067782,29,1,4
move,"[""move"", 29, 1, 5]",2.0,1.6130631217510272,2.0,0.729567118960603,1.171315120355815,4.0,4.68526048142326,29,1,5
move,"[""move"", 29, 1, 6]",2.0,1.722098928806103,2.0,0.7556528114320363,1.2388758701190696,4.0,4.9555034804762785,29,1,6
move,"[""move"", 29, 1, 7]",2.0,1.5801242749313356,2.0,0.7489088985333048,1.1645165867323202,4.0,4.658066346929281,29,1,7
move,"[""move"", 29, 1, 8]",2.0,1.7688403650295361,2.0,0.7511335618792278,1.259986963454382,4.0,5.039947853817528,29,1,8
move,"[""move"", 29, 1, 9]",2.0,2.236141379856239,2.0,0.7411607726473006,1.4886510762517697,4.0,5.954604305007079,29,1,9
move,"[""move"", 29, 2, 0]",2.0,1.6818328927013289,2.0,0.7620305182594544,1.2219317054803915,4.0,4.887726821921566,29,2,0
move,"[""move"", 29, 2, 1]",2.0,1.8690688493131522,2.0,0.7417050974745941,1.3053869733938732,4.0,5.221547893575493,29,2,1
move,"[""move"", 29, 2, 3]",2.0,1.7360788860967062,2.0,0.7322059440816311,1.2341424150891684,4.0,4.936569660356674,29,2,3
move,"[""move"", 29, 2, 4]",2.0,1.4465881469646078,2.0,0.732645457330749,1.0896168021476784,4.0,4.358467208590714,29,2,4
move,"[""move"", 29, 2, 5]",2.0,1.7292191034190436,2.0,0.7563648288933303,1.242791966156187,4.0,4.971167864624748,29,2,5
move,"[""move"", 29, 2, 6]",2.0,1.8161869922924185,2.0,0.7403619544026925,1.2782744733475555,4.0,5.113097893390222,29,2,6
move,"[""move"", 29, 2, 7]",2.0,1.4499600775955304,2.0,0.7158507402752639,1.082905408935397,4.0,4.331621635741588,29,2,7
move,"[""move"", 29, 2, 8]",2.0,1.5966274714523212,2.0,0.73066691365037,1.1636471925513456,4.0,4.6545887702053825,29,2,8
move,"[""move"", 29, 2, 9]",2.0,1.801545341513847,2.0,0.7446732315276563,1.2731092865207518,4.0,5.092437146083007,29,2,9
move,"[""move"", 29, 3, 0]",2.0,1.64961306542215,2.0,0.7478477397287726,1.198730402575461,4.0,4.794921610301844,29,3,0
move,"[""move"", 29, 3, 1]",2.0,1.77448556822874,2.0,0.7686508794001325,1.2715682238144363,4.0,5.086272895257745,29,3,1
move,"[""move"", 29, 3, 2]",2.0,1.3909773458470684,2.0,0.7228101488552103,1.0568937473511395,4.0,4.227574989404558,29,3,2
move,"[""move"", 29, 3, 4]",2.0,1.6954194013304105,2.0,0.7407120859904788,1.2180657436604445,4.0,4.872262974641778,29,3,4
move,"[""move"", 29, 3, 5]",2.0,1.7329029545075998,2.0,0.7611335339019554,1.2470182442047775,4.0,4.98807297681911,29,3,5
move,"[""move"", 29, 3, 6]",2.0,1.5569751882926774,2.0,0.7381754357749714,1.1475753120338243,4.0,4.590301248135297,29,3,6
move,"[""move"", 29, 3, 7]",1.0,1.1213868367293902,1.0,0.74357637884868,0.9324816077890351,2.0,1.8649632155780702,29,3,7
move,"[""move"", 29, 3, 8]",2.0,1.557634184386579,2.0,0.7316542117399321,1.1446441980632556,4.0,4.578576792253022,29,3,8
move,"[""move"", 29, 3, 9]",2.0,1.7525718331018165,2.0,0.7344159970364532,1.243493915069135,4.0,4.97397566027654,29,3,9
move,"[""move"", 29, 4, 0]",2.0,1.6896865677810409,2.0,0.7137249394325793,1.2017057536068099,4.0,4.8068230144272395,29,4,0
move,"[""move"", 29, 4, 1]",2.0,1.8591781555977813,2.0,0.7495671601438986,1.30437265787084,4.0,5.21749063148336,29,4,1
move,"[""move"", 29, 4, 2]",1.0,1.8061163454040783,1.0,0.7223848581468127,1.2642506017754456,2.0,2.528501203550891,29,4,2
move,"[""move"", 29, 4, 3]",2.0,1.50827404278657,2.0,0.7368085510846568,1.1225412969356134,4.0,4.490165187742454,29,4,3
move,"[""move"", 29, 4, 5]",2.0,1.8313384459833562,2.0,0.7280739539820464,1.2797061999827013,4.0,5.118824799930805,29,4,5
move,"[""move"", 29, 4, 6]",1.0,1.4458219163761383,1.0,0.7238229870908838,1.084822451733511,2.0,2.169644903467022,29,4,6
move,"[""move"", 29, 4, 7]",2.0,1.8902049852780425,2.0,0.7493015126785685,1.3197532489783055,4.0,5.279012995913222,29,4,7
move,"[""move"", 29, 4, 8]",2.0,1.839247995290799,2.0,0.7356790994587554,1.2874635473747773,4.0,5.149854189499109,29,4,8
move,"[""move"", 29, 4, 9]",2.0,1.6985871321864394,2.0,0.7498824442891431,1.2242347882377913,4.0,4.896939152951165,29,4,9
move,"[""move"", 29, 5, 0]",2.0,1.4068904582605997,2.0,0.7356397085240682,1.0712650833923338,4.0,4.285060333569335,29,5,0
move,"[""move"", 29, 5, 1]",2.0,1.8744538199057597,2.0,0.7326891598891557,1.3035714898974575,4.0,5.21428595958983,29,5,1
move,"[""move"", 29, 5, 2]",2.0,1.7850969125578087,2.0,0.7212366090601742,1.2531667608089914,4.0,5.0126670432359655,29,5,2
move,"[""move"", 29, 5, 3]",2.0,2.303004423854225,2.0,0.7395040796494857,1.5212542517518552,4.0,6.085017007007421,29,5,3
move,"[""move"", 29, 5, 4]",2.0,1.4282830082135176,2.0,0.7369050276306399,1.0825940179220788,4.0,4.330376071688315,29,5,4
move,"[""move"", 29, 5, 6]",2.0,1.687404503873402,2.0,0.7560653829454912,1.2217349434094467,4.0,4.886939773637787,29,5,6
move,"[""move"", 29, 5, 7]",2.0,2.0048021508236586,2.0,0.7568178740640887,1.3808100124438736,4.0,5.523240049775494,29,5,7
move,"[""move"", 29, 5, 8]",2.0,1.6623260059539635,2.0,0.7335336237053449,1.1979298148296542,4.0,4.791719259318617,29,5,8
move,"[""move"", 29, 5, 9]",2.0,1.7185140082717854,2.0,0.7535520131414277,1.2360330107066066,4.0,4.944132042826427,29,5,9
move,"[""move"", 29, 6, 0]",2.0,1.4435781007373802,2.0,0.7393084727717463,1.0914432867545631,4.0,4.365773147018253,29,6,0
move,"[""move"", 29, 6, 1]",2.0,1.9121694134821454,2.0,0.7364607192467943,1.3243150663644698,4.0,5.297260265457879,29,6,1
move,"[""move"", 29, 6, 2]",2.0,1.5549990134065628,2.0,0.7511209710515763,1.1530599922290694,4.0,4.612239968916278,29,6,2
move,"[""move"", 29, 6, 3]",2.0,1.6799385136361407,2.0,0.7232899866056803,1.2016142501209104,4.0,4.8064570004836416,29,6,3
move,"[""move"", 29, 6, 4]",2.0,1.9175341017497358,2.0,0.749286989273023,1.3334105455113794,4.0,5.3336421820455175,29,6,4
move,"[""move"", 29, 6, 5]",2.0,2.0254319247271875,2.0,0.7387777894334724,1.3821048570803298,4.0,5.528419428321319,29,6,5
move,"[""move"", 29, 6, 7]",2.0,1.789616510934031,2.0,0.7497622039817597,1.2696893574578954,4.0,5.078757429831581,29,6,7
move,"[""move"", 29, 6, 8]",2.0,2.0475084671173613,2.0,0.7558369761245516,1.4016727216209564,4.0,5.606690886483825,29,6,8
move,"[""move"", 29, 6, 9]",2.0,2.1392105267881107,2.0,0.7314676873404878,1.4353391070642991,4.0,5.7413564282571965,29,6,9
move,"[""move"", 29, 7, 0]",2.0,1.4741041126188374,2.0,0.7211306521722345,1.097617382395536,4.0,4.390469529582144,29,7,0
move,"[""move"", 29, 7, 1]",2.0,1.6901736564572565,2.0,0.7097142659147277,1.199943961185992,4.0,4.799775844743968,29,7,1
move,"[""move"", 29, 7, 2]",2.0,2.006666288808503,2.0,0.7319467060009106,1.369306497404707,4.0,5.477225989618828,29,7,2
move,"[""move"", 29, 7, 3]",2.0,1.7702963171587491,2.0,0.7252115661868276,1.2477539416727885,4.0,4.991015766691154,29,7,3
move,"[""move"", 29, 7, 4]",1.0,0.9165227223555317,1.0,0.724352156851375,0.8204374396034533,2.0,1.6408748792069066,29,7,4
move,"[""move"", 29, 7, 5]",1.0,1.315341008435965,1.0,0.7521652787484591,1.033753143592212,2.0,2.067506287184424,29,7,5
move,"[""move"", 29, 7, 6]",2.0,1.7005953267794984,2.0,0.73875137556573,1.2196733511726143,4.0,4.878693404690457,29,7,6
move,"[""move"", 29, 7, 8]",3.0,1.9127795669525103,3.0,0.7304016457651734,1.3215906063588416,6.0,7.92954363815305,29,7,8
move,"[""move"", 29, 7, 9]",2.0,1.6135048568358634,2.0,0.7437809764721124,1.1786429166539878,4.0,4.714571666615951,29,7,9
move,"[""move"", 29, 8, 0]",2.0,1.4643365463659395,2.0,0.7399087592084332,1.1021226527871864,4.0,4.408490611148745,29,8,0
move,"[""move"", 29, 8, 1]",2.0,1.250004526266991,2.0,0.7345961764947768,0.9923003513808839,4.0,3.9692014055235356,29,8,1
move,"[""move"", 29, 8, 2]",2.0,1.7017685639721236,2.0,0.7346457862108244,1.218207175091474,4.0,4.872828700365896,29,8,2
move,"[""move"", 29, 8, 3]",2.0,1.364604238265179,2.0,0.7143767844537805,1.03949051135948,4.0,4.15796204543792,29,8,3
move,"[""move"", 29, 8, 4]",2.0,1.3902714770395983,2.0,0.7270345486731483,1.0586530128563734,4.0,4.2346120514254935,29,8,4
move,"[""move"", 29, 8, 5]",2.0,1.7389810979147058,2.0,0.757650027112548,1.2483155625136269,4.0,4.993262250054507,29,8,5
move,"[""move"", 29, 8, 6]",2.0,1.5165338135219124,2.0,0.7537500736273925,1.1351419435746524,4.0,4.5405677742986095,29,8,6
move,"[""move"", 29, 8, 7]",2.0,2.159405070589539,2.0,0.7393280129300293,1.4493665417597843,4.0,5.797466167039137,29,8,7
move,"[""move"", 29, 8, 9]",3.0,2.147507185993239,3.0,0.74422326649136,1.4458652262422997,6.0,8.675191357453798,29,8,9
move,"[""move"", 29, 9, 0]",2.0,1.7156765048609812,2.0,0.7346175264448705,1.225147015652926,4.0,4.900588062611704,29,9,0
move,"[""move"", 29, 9, 1]",2.0,1.67844663533918,2.0,0.747970540952149,1.2132085881456645,4.0,4.852834352582658,29,9,1
move,"[""move"", 29, 9, 2]",2.0,1.2494503946558215,2.0,0.729352644961882,0.9894015198088518,4.0,3.9576060792354073,29,9,2
move,"[""move"", 29, 9, 3]",2.0,1.4789555124510076,2.0,0.7420410628298519,1.1104982876404297,4.0,4.441993150561719,29,9,3
move,"[""move"", 29, 9, 4]",2.0,1.7131064416049164,2.0,0.7279286513854686,1.2205175464951925,4.0,4.88207018598077,29,9,4
move,"[""move"", 29, 9, 5]",1.0,1.172879698720886,1.0,0.7379191477769512,0.9553994232489187,2.0,1.9107988464978374,29,9,5
move,"[""move"", 29, 9, 6]",2.0,1.5528228795359347,2.0,0.7343784412792692,1.1436006604076019,4.0,4.5744026416304076,29,9,6
move,"[""move"", 29, 9, 7]",2.0,1.4126349900856265,2.0,0.7512746209450236,1.081954805515325,4.0,4.3278192220613,29,9,7
move,"[""move"", 29, 9, 8]",3.0,1.9236333923322506,3.0,0.7519348631650568,1.3377841277486535,6.0,8.026704766491921,29,9,8
move,"[""move"", 3, 0, 1]",4.0,1.2950613468893084,4.0,0.7158467278130495,1.0054540373511789,8.0,8.043632298809431,3,0,1
move,"[""move"", 3, 0, 2]",4.0,1.3186461080231875,4.0,0.6941519313532852,1.0063990196882364,8.0,8.051192157505891,3,0,2
move,"[""move"", 3, 0, 3]",4.0,0.9843854929519955,3.0,0.7342878354723615,0.877200782603581,7.0,6.140405478225067,3,0,3
move,"[""move"", 3, 0, 4]",3.0,0.8484671010023641,3.0,0.677152808925205,0.7628099549637847,6.0,4.576859729782708,3,0,4
move,"[""move"", 3, 0, 5]",4.0,1.0829403481888493,4.0,0.6870527495417821,0.8849965488653158,8.0,7.079972390922526,3,0,5
move,"[""move"", 3, 0, 6]",5.0,1.3302481379026567,5.0,0.7027955518273676,1.0165218448650122,10.0,10.165218448650123,3,0,6
move,"[""move"", 3, 0, 7]",3.0,0.833785817951425,3.0,0.7047419072399923,0.7692638625957087,6.0,4.615583175574252,3,0,7
move,"[""move"", 3, 0, 8]",4.0,1.4246224489021955,4.0,0.7117881460762097,1.0682052974892025,8.0,8.54564237991362,3,0,8
move,"[""move"", 3, 0, 9]",4.0,1.4438305039590942,4.0,0.7029758809105756,1.0734031924348346,8.0,8.587225539478677,3,0,9
move,"[""move"", 3, 1, 0]",2.0,1.9759478962901433,2.0,0.7081620648260918,1.3420549805581174,4.0,5.36821992223247,3,1,0
move,"[""move"", 3, 1, 2]",4.0,1.67861427611082,4.0,0.7273457772715926,1.2029800266912063,8.0,9.62384021352965,3,1,2
move,"[""move"", 3, 1, 3]",5.0,1.3762436214503015,5.0,0.7238629305378828,1.0500532759940922,10.0,10.50053275994092,3,1,3
move,"[""move"", 3, 1, 4]",4.0,1.4385270505293772,4.0,0.7043881393975049,1.071457594963441,8.0,8.571660759707528,3,1,4
move,"[""move"", 3, 1, 5]",4.0,1.5187736296555197,4.0,0.6995547805567751,1.1091642051061472,8.0,8.873313640849178,3,1,5
move,"[""move"", 3, 1, 6]",3.0,1.3752485600471516,3.0,0.697920076175067,1.0365843181111094,6.0,6.219505908666656,3,1,6
move,"[""move"", 3, 1, 7]",3.0,1.435294971227725,3.0,0.7148332238295992,1.0750640975286623,6.0,6.450384585171974,3,1,7
move,"[""move"", 3, 1, 8]",3.0,1.2224365857949242,3.0,0.6749980678835147,0.9487173268392195,6.0,5.692303961035317,3,1,8
move,"[""move"", 3, 1, 9]",5.0,1.4710344596022256,5.0,0.7112932365106011,1.0911638480564132,10.0,10.911638480564132,3,1,9
move,"[""move"", 3, 2, 0]",5.0,1.6239407482583013,5.0,0.7049444504381052,1.164442599348203,10.0,11.644425993482031,3,2,0
move,"[""move"", 3, 2, 1]",4.0,1.2578161316509489,4.0,0.7084141051183526,0.9831151183846506,8.0,7.864920947077205,3,2,1
move,"[""move"", 3, 2, 3]",4.0,1.4276265751140884,4.0,0.7095710708022809,1.0685988229581846,8.0,8.548790583665477,3,2,3
move,"[""move"", 3, 2, 4]",4.0,1.4040702542351426,4.0,0.7173746814780152,1.0607224678565788,8.0,8.48577974285263,3,2,4
move,"[""move"", 3, 2, 5]",5.0,1.4556018433877553,5.0,0.7151084712100453,1.0853551572989004,10.0,10.853551572989003,3,2,5
move,"[""move"", 3, 2, 6]",4.0,1.164365333702381,4.0,0.695470901363739,0.92991811753306,8.0,7.43934494026448,3,2,6
move,"[""move"", 3, 2, 7]",4.0,1.1610727173234596,4.0,0.6950768292039757,0.9280747732637177,8.0,7.424598186109741,3,2,7
move,"[""move"", 3, 2, 8]",4.0,1.2233452429853995,4.0,0.6987749212567974,0.9610600821210984,8.0,7.688480656968787,3,2,8
move,"[""move"", 3, 2, 9]",4.0,1.3799928393487702,4.0,0.6866398701742801,1.0333163547615252,8.0,8.266530838092201,3,2,9
move,"[""move"", 3, 3, 0]",4.0,1.579069037039122,4.0,0.7381436275884777,1.1586063323137998,8.0,9.268850658510399,3,3,0
move,"[""move"", 3, 3, 1]",5.0,1.3720126156066539,5.0,0.7326485655425049,1.0523305905745794,10.0,10.523305905745794,3,3,1
move,"[""move"", 3, 3, 2]",4.0,1.4727284731925776,4.0,0.7196067992952487,1.0961676362439132,8.0,8.769341089951306,3,3,2
move,"[""move"", 3, 3, 4]",5.0,1.5663742859710743,5.0,0.7177562902932465,1.1420652881321602,10.0,11.420652881321603,3,3,4
move,"[""move"", 3, 3, 5]",4.0,1.3374913841997866,4.0,0.7058305718187785,1.0216609780092825,8.0,8.17328782407426,3,3,5
move,"[""move"", 3, 3, 6]",4.0,1.260444416406836,4.0,0.7081967483228577,0.9843205823648468,8.0,7.874564658918774,3,3,6
move,"[""move"", 3, 3, 7]",4.0,1.4194530344361553,4.0,0.7080374974957867,1.063745265965971,8.0,8.509962127727768,3,3,7
move,"[""move"", 3, 3, 8]",4.0,1.401036506305014,4.0,0.6827001402328319,1.041868323268923,8.0,8.334946586151384,3,3,8
move,"[""move"", 3, 3, 9]",4.0,1.5896926769074082,4.0,0.7017781396804446,1.1457354082939264,8.0,9.165883266351411,3,3,9
move,"[""move"", 3, 4, 0]",4.0,1.6502824810255052,4.0,0.6943120278573462,1.1722972544414259,8.0,9.378378035531407,3,4,0
move,"[""move"", 3, 4, 1]",4.0,1.0663714612180306,3.0,0.7141558646778425,0.9154219198436644,7.0,6.4079534389056505,3,4,1
move,"[""move"", 3, 4, 2]",5.0,1.6946659392394146,5.0,0.7252387058801412,1.2099523225597777,10.0,12.099523225597776,3,4,2
move,"[""move"", 3, 4, 3]",5.0,1.5788029453678003,5.0,0.7261920289357203,1.1524974871517601,10.0,11.524974871517601,3,4,3
move,"[""move"", 3, 4, 5]",6.0,1.7548608709483196,6.0,0.7303342966749983,1.242597583811659,12.0,14.911171005739908,3,4,5
move,"[""move"", 3, 4, 6]",4.0,1.090280401518723,3.0,0.7216794905244139,0.9323085825211621,7.0,6.526160077648135,3,4,6
move,"[""move"", 3, 4, 7]",3.0,1.3221872690346521,3.0,0.7205139972680108,1.0213506331513316,6.0,6.128103798907989,3,4,7
move,"[""move"", 3, 4, 8]",4.0,1.2672430134852992,4.0,0.6902957191637057,0.9787693663245025,8.0,7.83015493059602,3,4,8
move,"[""move"", 3, 4, 9]",5.0,1.6047070904580678,5.0,0.7144446895928327,1.1595758900254503,10.0,11.595758900254502,3,4,9
move,"[""move"", 3, 5, 0]",4.0,1.1341825364418632,4.0,0.6918663039785155,0.9130244202101893,8.0,7.304195361681514,3,5,0
move,"[""move"", 3, 5, 1]",4.0,1.2527973781074628,4.0,0.7134838410611365,0.9831406095842997,8.0,7.865124876674398,3,5,1
move,"[""move"", 3, 5, 2]",5.0,1.5437346620093177,5.0,0.7023582767125653,1.1230464693609414,10.0,11.230464693609415,3,5,2
move,"[""move"", 3, 5, 3]",5.0,1.461149442526543,5.0,0.7364162096989609,1.098782826112752,10.0,10.987828261127518,3,5,3
move,"[""move"", 3, 5, 4]",6.0,1.6021927576672603,6.0,0.7280071039829075,1.165099930825084,12.0,13.981199169901007,3,5,4
move,"[""move"", 3, 5, 6]",4.0,1.1048069059147039,3.0,0.7440846652541785,0.950211659917336,7.0,6.651481619421352,3,5,6
move,"[""move"", 3, 5, 7]",5.0,1.472960088072465,5.0,0.7449806861645926,1.108970387118529,10.0,11.08970387118529,3,5,7
move,"[""move"", 3, 5, 8]",4.0,1.4010265201927714,4.0,0.7102053421129538,1.0556159311528626,8.0,8.4449274492229,3,5,8
move,"[""move"", 3, 5, 9]",5.0,1.4654792228938411,5.0,0.7199539490497051,1.0927165859717731,10.0,10.927165859717732,3,5,9
move,"[""move"", 3, 6, 0]",4.0,1.5995729772545584,4.0,0.7024430012623566,1.1510079892584575,8.0,9.20806391406766,3,6,0
move,"[""move"", 3, 6, 1]",3.0,1.3544967444569045,3.0,0.7150594059327929,1.0347780751948488,6.0,6.208668451169093,3,6,1
move,"[""move"", 3, 6, 2]",4.0,1.520758515779094,4.0,0.7213433234984686,1.1210509196387812,8.0,8.96840735711025,3,6,2
move,"[""move"", 3, 6, 3]",4.0,1.332173652969411,4.0,0.7245230500533302,1.0283483515113705,8.0,8.226786812090964,3,6,3
move,"[""move"", 3, 6, 4]",3.0,1.2449523476851843,3.0,0.7063426399005389,0.9756474937928616,6.0,5.85388496275717,3,6,4
move,"[""move"", 3, 6, 5]",5.0,1.6509473230301364,5.0,0.7299257782695593,1.1904365506498478,10.0,11.904365506498477,3,6,5
move,"[""move"", 3, 6, 7]",2.0,1.3828978870538366,2.0,0.7186714002094392,1.050784643631638,4.0,4.203138574526552,3,6,7
move,"[""move"", 3, 6, 8]",3.0,1.3553605574729966,3.0,0.7165724416422453,1.035966499557621,6.0,6.2157989973457255,3,6,8
move,"[""move"", 3, 6, 9]",4.0,1.4154877775146857,4.0,0.7160401490246253,1.0657639632696556,8.0,8.526111706157245,3,6,9
move,"[""move"", 3, 7, 0]",4.0,1.1792517027260327,4.0,0.6930111389327084,0.9361314208293706,8.0,7.489051366634965,3,7,0
move,"[""move"", 3, 7, 1]",3.0,0.5188589607780959,2.0,0.7078015564645113,0.594435999052662,5.0,2.9721799952633097,3,7,1
move,"[""move"", 3, 7, 2]",4.0,1.2446768441837035,4.0,0.6709100171200661,0.9577934306518847,8.0,7.662347445215078,3,7,2
move,"[""move"", 3, 7, 3]",4.0,1.0017030996086869,4.0,0.7054886537384417,0.8535958766735643,8.0,6.828767013388514,3,7,3
move,"[""move"", 3, 7, 4]",4.0,1.1289125253484953,4.0,0.699592575402243,0.9142525503753691,8.0,7.314020403002953,3,7,4
move,"[""move"", 3, 7, 5]",4.0,1.3713850378875767,4.0,0.7002945066101125,1.0358397722488446,8.0,8.286718177990757,3,7,5
move,"[""move"", 3, 7, 6]",4.0,1.0753846449906503,3.0,0.7368837016946767,0.9303128121495189,7.0,6.512189685046632,3,7,6
move,"[""move"", 3, 7, 8]",4.0,1.4877097402034438,4.0,0.7062628221090123,1.096986281156228,8.0,8.775890249249825,3,7,8
move,"[""move"", 3, 7, 9]",5.0,1.488550271186477,5.0,0.7267557431608728,1.1076530071736748,10.0,11.076530071736748,3,7,9
move,"[""move"", 3, 8, 0]",4.0,1.4562086626843662,4.0,0.6772004488854952,1.0667045557849306,8.0,8.533636446279445,3,8,0
move,"[""move"", 3, 8, 1]",3.0,1.092023986010582,3.0,0.6950317395504496,0.8935278627805158,6.0,5.361167176683095,3,8,1
move,"[""move"", 3, 8, 2]",4.0,1.2774827612538573,4.0,0.700681073840117,0.9890819175469872,8.0,7.912655340375897,3,8,2
move,"[""move"", 3, 8, 3]",3.0,1.1011093801579486,3.0,0.688797974655127,0.8949536774065378,6.0,5.369722064439227,3,8,3
move,"[""move"", 3, 8, 4]",4.0,1.2022616452845956,4.0,0.6982815128265685,0.950271579055582,8.0,7.602172632444656,3,8,4
move,"[""move"", 3, 8, 5]",4.0,1.294291453515961,4.0,0.7109350725019528,1.002613263008957,8.0,8.020906104071656,3,8,5
move,"[""move"", 3, 8, 6]",4.0,1.2391885183654854,4.0,0.7030636839232989,0.9711261011443921,8.0,7.769008809155137,3,8,6
move,"[""move"", 3, 8, 7]",5.0,1.45081642502316,5.0,0.7253965758457348,1.0881065004344472,10.0,10.881065004344473,3,8,7
move,"[""move"", 3, 8, 9]",4.0,1.524198215319509,4.0,0.7143557915369869,1.119277003428248,8.0,8.954216027425984,3,8,9
move,"[""move"", 3, 9, 0]",4.0,1.5345456659152164,4.0,0.6824405970794134,1.108493131497315,8.0,8.86794505197852,3,9,0
move,"[""move"", 3, 9, 1]",5.0,1.5476789250365253,5.0,0.7180954735995717,1.1328871993180485,10.0,11.328871993180485,3,9,1
move,"[""move"", 3, 9, 2]",4.0,1.3499821000201515,4.0,0.6961025782016277,1.0230423391108896,8.0,8.184338712887117,3,9,2
move,"[""move"", 3, 9, 3]",4.0,1.1413714404241075,4.0,0.6974992101802715,0.9194353253021896,8.0,7.355482602417517,3,9,3
move,"[""move"", 3, 9, 4]",4.0,1.260607200335331,4.0,0.701535853353562,0.9810715268444464,8.0,7.848572214755571,3,9,4
move,"[""move"", 3, 9, 5]",6.0,1.5970710701408397,6.0,0.720831472777279,1.1589512714590593,12.0,13.907415257508712,3,9,5
move,"[""move"", 3, 9, 6]",4.0,1.2026430242525394,4.0,0.7274661344865866,0.965054579369563,8.0,7.720436634956504,3,9,6
move,"[""move"", 3, 9, 7]",4.0,1.3030880210820561,4.0,0.6998184892960656,1.0014532551890607,8.0,8.011626041512486,3,9,7
move,"[""move"", 3, 9, 8]",4.0,1.4363327940952004,4.0,0.7142831424082143,1.0753079682517073,8.0,8.602463746013658,3,9,8
move,"[""move"", 6, 0, 1]",4.0,0.8706906122345178,3.0,0.6597916365333253,0.7803053369340066,7.0,5.462137358538047,6,0,1
move,"[""move"", 6, 0, 2]",4.0,0.7819527359981343,3.0,0.6912454659700367,0.7430781917003781,7.0,5.201547341902647,6,0,2
move,"[""move"", 6, 0, 3]",3.0,1.0079387189319517,3.0,0.6664208073625019,0.8371797631472268,6.0,5.023078578883361,6,0,3
move,"[""move"", 6, 0, 4]",4.0,1.3599205914567025,4.0,0.6934966028612881,1.0267085971589953,8.0,8.213668777271963,6,0,4
move,"[""move"", 6, 0, 5]",4.0,1.4110706392012007,4.0,0.6607600008382353,1.035915320019718,8.0,8.287322560157744,6,0,5
move,"[""move"", 6, 0, 6]",4.0,1.4201411658057796,4.0,0.6902274327644318,1.0551842992851057,8.0,8.441474394280846,6,0,6
move,"[""move"", 6, 0, 7]",3.0,1.0882203733858609,3.0,0.6723252206277919,0.8802727970068264,6.0,5.281636782040958,6,0,7
move,"[""move"", 6, 0, 8]",4.0,1.3781576428030915,4.0,0.7128098699239789,1.0454837563635353,8.0,8.363870050908282,6,0,8
move,"[""move"", 6, 0, 9]",4.0,1.5312331402429131,4.0,0.6822639354468694,1.1067485378448911,8.0,8.853988302759129,6,0,9
move,"[""move"", 6, 1, 0]",4.0,1.2229851426107634,4.0,0.6933914507387664,0.9581882966747649,8.0,7.665506373398119,6,1,0
move,"[""move"", 6, 1, 2]",3.0,1.2043298908322129,3.0,0.707657016732116,0.9559934537821645,6.0,5.735960722692987,6,1,2
move,"[""move"", 6, 1, 3]",4.0,1.4334124892096738,4.0,0.7090380657597108,1.0712252774846922,8.0,8.569802219877538,6,1,3
move,"[""move"", 6, 1, 4]",4.0,1.424336330428057,4.0,0.6908963690763963,1.0576163497522266,8.0,8.460930798017813,6,1,4
move,"[""move"", 6, 1, 5]",4.0,1.7267214428183781,4.0,0.7241812818002829,1.2254513623093304,8.0,9.803610898474643,6,1,5
move,"[""move"", 6, 1, 6]",4.0,1.5097141602379296,4.0,0.7009052904502207,1.1053097253440751,8.0,8.842477802752601,6,1,6
move,"[""move"", 6, 1, 7]",4.0,1.2235973088961554,4.0,0.6941334877744405,0.958865398335298,8.0,7.670923186682384,6,1,7
move,"[""move"", 6, 1, 8]",5.0,1.7908329227285975,5.0,0.7102130432997292,1.2505229830141633,10.0,12.505229830141634,6,1,8
move,"[""move"", 6, 1, 9]",4.0,1.6534744874799308,4.0,0.6981272225400199,1.1758008550099754,8.0,9.406406840079804,6,1,9
move,"[""move"", 6, 2, 0]",4.0,1.2860639164415493,4.0,0.6936588478308146,0.9898613821361819,8.0,7.918891057089455,6,2,0
move,"[""move"", 6, 2, 1]",4.0,1.2503407256048904,4.0,0.6974263791210933,0.9738835523629917,8.0,7.791068418903934,6,2,1
move,"[""move"", 6, 2, 3]",6.0,1.6557804457814294,6.0,0.7353169017140871,1.1955486737477583,12.0,14.346584084973099,6,2,3
move,"[""move"", 6, 2, 4]",5.0,1.7250946550111892,5.0,0.7151659608717048,1.2201303079414467,10.0,12.201303079414467,6,2,4
move,"[""move"", 6, 2, 5]",5.0,1.6625918348948936,5.0,0.7145320020456104,1.188561918470252,10.0,11.88561918470252,6,2,5
move,"[""move"", 6, 2, 6]",3.0,1.165031926889624,3.0,0.7021571196604385,0.9335945232750312,6.0,5.601567139650188,6,2,6
move,"[""move"", 6, 2, 7]",3.0,1.0512106795377747,3.0,0.6382511574528337,0.8447309184953041,6.0,5.068385510971825,6,2,7
move,"[""move"", 6, 2, 8]",4.0,1.548542522415315,4.0,0.7028127700337852,1.1256776462245501,8.0,9.005421169796401,6,2,8
move,"[""move"", 6, 2, 9]",3.0,1.3161006744093267,3.0,0.6889296520311291,1.002515163220228,6.0,6.015090979321368,6,2,9
move,"[""move"", 6, 3, 0]",4.0,1.3266270235753597,4.0,0.6755481674072688,1.0010875954913143,8.0,8.008700763930515,6,3,0
move,"[""move"", 6, 3, 1]",3.0,0.8930976580967654,3.0,0.6657447111451376,0.7794211846209516,6.0,4.676527107725709,6,3,1
move,"[""move"", 6, 3, 2]",5.0,1.4874799619671073,5.0,0.695020193214884,1.091250077590996,10.0,10.912500775909958,6,3,2
move,"[""move"", 6, 3, 4]",6.0,2.0127831106845826,6.0,0.7249998744653811,1.3688914925749815,12.0,16.42669791089978,6,3,4
move,"[""move"", 6, 3, 5]",3.0,0.9806417508576998,3.0,0.6742308288826543,0.8274362898701771,6.0,4.964617739221063,6,3,5
move,"[""move"", 6, 3, 6]",5.0,1.7156050710766544,5.0,0.7146720531835763,1.2151385621301158,10.0,12.151385621301158,6,3,6
move,"[""move"", 6, 3, 7]",4.0,1.3765863357039856,4.0,0.6930552882651223,1.034820811984554,8.0,8.278566495876431,6,3,7
move,"[""move"", 6, 3, 8]",4.0,1.278071023448344,4.0,0.6967908383989206,0.9874309309236322,8.0,7.899447447389058,6,3,8
move,"[""move"", 6, 3, 9]",4.0,1.4556968802142571,4.0,0.6879219753465284,1.071809427780393,8.0,8.574475422243143,6,3,9
move,"[""move"", 6, 4, 0]",4.0,1.262487230342935,4.0,0.6699789921806114,0.9662331112617731,8.0,7.729864890094185,6,4,0
move,"[""move"", 6, 4, 1]",5.0,1.6244460477965483,5.0,0.716738786456389,1.1705924171264688,10.0,11.705924171264687,6,4,1
move,"[""move"", 6, 4, 2]",6.0,1.7736683769164643,6.0,0.7228266121737227,1.2482474945450934,12.0,14.978969934541121,6,4,2
move,"[""move"", 6, 4, 3]",5.0,1.6445646958356246,5.0,0.7180383838821958,1.1813015398589102,10.0,11.813015398589101,6,4,3
move,"[""move"", 6, 4, 5]",5.0,1.7266939855649504,5.0,0.7381538363565208,1.2324239109607356,10.0,12.324239109607355,6,4,5
move,"[""move"", 6, 4, 6]",5.0,1.6881682914763758,5.0,0.7348481202284836,1.2115082058524296,10.0,12.115082058524296,6,4,6
move,"[""move"", 6, 4, 7]",4.0,1.3260650262472962,4.0,0.6736220165993396,0.9998435214233179,8.0,7.998748171386543,6,4,7
move,"[""move"", 6, 4, 8]",4.0,1.5694177076545874,4.0,0.7090793479807858,1.1392485278176865,8.0,9.113988222541492,6,4,8
move,"[""move"", 6, 4, 9]",4.0,1.3538081647548035,4.0,0.6998484567290012,1.0268283107419023,8.0,8.214626485935218,6,4,9
move,"[""move"", 6, 5, 0]",4.0,1.2488850447784239,4.0,0.678096680318587,0.9634908625485056,8.0,7.707926900388045,6,5,0
move,"[""move"", 6, 5, 1]",4.0,1.4118632437331842,4.0,0.7061295624641885,1.0589964030986863,8.0,8.47197122478949,6,5,1
move,"[""move"", 6, 5, 2]",5.0,1.791888128012474,5.0,0.7047927372668223,1.2483404326396481,10.0,12.483404326396482,6,5,2
move,"[""move"", 6, 5, 3]",4.0,1.3291246074112442,4.0,0.7171738800930396,1.0231492437521417,8.0,8.185193950017133,6,5,3
move,"[""move"", 6, 5, 4]",5.0,1.8063626126900316,5.0,0.7138551222505836,1.2601088674703078,10.0,12.601088674703078,6,5,4
move,"[""move"", 6, 5, 6]",5.0,1.8166973079958033,5.0,0.7313987951106945,1.274048051553249,10.0,12.740480515532491,6,5,6
move,"[""move"", 6, 5, 7]",4.0,1.336026996492535,4.0,0.6738920706875156,1.0049595335900252,8.0,8.039676268720202,6,5,7
move,"[""move"", 6, 5, 8]",3.0,1.112710904154971,3.0,0.7154966195097489,0.9141037618323601,6.0,5.48462257099416,6,5,8
move,"[""move"", 6, 5, 9]",4.0,1.448396806511666,4.0,0.7044773384603682,1.076437072486017,8.0,8.611496579888136,6,5,9
move,"[""move"", 6, 6, 0]",4.0,1.0772808230586846,3.0,0.7008384972192362,0.915948397698921,7.0,6.411638783892447,6,6,0
move,"[""move"", 6, 6, 1]",4.0,1.2844556233997504,4.0,0.6869082575069132,0.9856819404533318,8.0,7.885455523626654,6,6,1
move,"[""move"", 6, 6, 2]",3.0,0.9229007693627901,3.0,0.6495244899490883,0.7862126296559392,6.0,4.717275777935635,6,6,2
move,"[""move"", 6, 6, 3]",4.0,1.2098267823425468,4.0,0.7006807952468898,0.9552537887947183,8.0,7.642030310357747,6,6,3
move,"[""move"", 6, 6, 4]",6.0,1.7975083204937043,6.0,0.7164303605310632,1.2569693405123836,12.0,15.083632086148603,6,6,4
move,"[""move"", 6, 6, 5]",4.0,1.5054755432043851,4.0,0.7029588616328439,1.1042172024186145,8.0,8.833737619348916,6,6,5
move,"[""move"", 6, 6, 7]",4.0,1.518334211448884,4.0,0.7044206365771839,1.1113774240130339,8.0,8.89101939210427,6,6,7
move,"[""move"", 6, 6, 8]",5.0,1.5834393071654693,5.0,0.7173559021404272,1.150397604652948,10.0,11.50397604652948,6,6,8
move,"[""move"", 6, 6, 9]",4.0,1.432635916482702,4.0,0.706635140760565,1.0696355286216335,8.0,8.557084228973068,6,6,9
move,"[""move"", 6, 7, 0]",4.0,1.4626705280755856,4.0,0.6918276813670351,1.0772491047213102,8.0,8.617992837770482,6,7,0
move,"[""move"", 6, 7, 1]",3.0,1.2930056454792864,3.0,0.6872194127399398,0.9901125291096132,6.0,5.940675174657679,6,7,1
move,"[""move"", 6, 7, 2]",3.0,1.1754822343181572,3.0,0.6661092802350953,0.9207957572766263,6.0,5.524774543659758,6,7,2
move,"[""move"", 6, 7, 3]",4.0,1.5709223651278152,4.0,0.7177951530089546,1.144358759068385,8.0,9.15487007254708,6,7,3
move,"[""move"", 6, 7, 4]",4.0,1.6167167272810359,4.0,0.7230710989717406,1.1698939131263884,8.0,9.359151305011107,6,7,4
move,"[""move"", 6, 7, 5]",3.0,1.5448524183547303,3.0,0.7066291231672909,1.1257407707610108,6.0,6.754444624566064,6,7,5
move,"[""move"", 6, 7, 6]",5.0,1.7702782398496733,5.0,0.7085907302739775,1.239434485061825,10.0,12.394344850618252,6,7,6
move,"[""move"", 6, 7, 8]",4.0,1.5368411017477968,4.0,0.7214852510771321,1.1291631764124648,8.0,9.033305411299718,6,7,8
move,"[""move"", 6, 7, 9]",4.0,1.5436724224823628,4.0,0.7235652627028755,1.1336188425926192,8.0,9.068950740740954,6,7,9
move,"[""move"", 6, 8, 0]",3.0,0.9939120425888763,3.0,0.6836400894818206,0.8387760660353485,6.0,5.032656396212091,6,8,0
move,"[""move"", 6, 8, 1]",4.0,1.2457711855284732,4.0,0.7124057108334099,0.9790884481809415,8.0,7.832707585447532,6,8,1
move,"[""move"", 6, 8, 2]",4.0,1.1901214501469548,4.0,0.6759560420563904,0.9330387461016725,8.0,7.46430996881338,6,8,2
move,"[""move"", 6, 8, 3]",4.0,1.2436973586035,4.0,0.6889095672589285,0.9663034629312143,8.0,7.730427703449714,6,8,3
move,"[""move"", 6, 8, 4]",4.0,1.6852011681593957,4.0,0.7041429187834765,1.194672043471436,8.0,9.557376347771488,6,8,4
move,"[""move"", 6, 8, 5]",5.0,1.5671470009660227,5.0,0.7212908223879092,1.1442189116769659,10.0,11.44218911676966,6,8,5
move,"[""move"", 6, 8, 6]",4.0,1.7198425918738867,4.0,0.7102991022536317,1.215070847063759,8.0,9.720566776510072,6,8,6
move,"[""move"", 6, 8, 7]",4.0,1.3270159736890015,4.0,0.7069816799529312,1.0169988268209664,8.0,8.135990614567731,6,8,7
move,"[""move"", 6, 8, 9]",5.0,1.5794371018676894,5.0,0.7123596847184511,1.1458983932930704,10.0,11.458983932930703,6,8,9
move,"[""move"", 6, 9, 0]",4.0,1.1811153359786368,3.0,0.7145198628728583,0.9811458475047318,7.0,6.868020932533122,6,9,0
move,"[""move"", 6, 9, 1]",4.0,1.371048788659749,4.0,0.7348238809485936,1.0529363348041711,8.0,8.42349067843337,6,9,1
move,"[""move"", 6, 9, 2]",4.0,1.259223196682345,4.0,0.6863348629443983,0.9727790298133716,8.0,7.782232238506973,6,9,2
move,"[""move"", 6, 9, 3]",4.0,1.1838267094129795,4.0,0.6927862117253865,0.938306460569183,8.0,7.506451684553464,6,9,3
move,"[""move"", 6, 9, 4]",5.0,1.752756903528183,5.0,0.7013841403963426,1.2270705219622626,10.0,12.270705219622625,6,9,4
move,"[""move"", 6, 9, 5]",4.0,1.315290938269995,4.0,0.7114153468371142,1.0133531425535547,8.0,8.106825140428437,6,9,5
move,"[""move"", 6, 9, 6]",5.0,1.6552238402916228,5.0,0.7222486286943088,1.1887362344929657,10.0,11.887362344929658,6,9,6
move,"[""move"", 6, 9, 7]",4.0,1.2915762629021006,4.0,0.6873304090249672,0.9894533359635339,8.0,7.915626687708271,6,9,7
move,"[""move"", 6, 9, 8]",4.0,1.5998085721583788,4.0,0.7251460303440194,1.162477301251199,8.0,9.299818410009593,6,9,8
move,"[""move"", 7, 0, 1]",1.0,0.7499108490205364,1.0,0.6944949920612608,0.7222029205408986,2.0,1.4444058410817973,7,0,1
move,"[""move"", 7, 1, 0]",1.0,0.893459524501376,1.0,0.7091662353055102,0.801312879903443,2.0,1.602625759806886,7,1,0
move,"[""move"", 7, 2, 1]",1.0,1.0400250603241434,1.0,0.7235064131916215,0.8817657367578824,2.0,1.7635314735157648,7,2,1
move,"[""move"", 7, 3, 1]",1.0,0.936342032774307,1.0,0.7131381104366378,0.8247400716054725,2.0,1.649480143210945,7,3,1
move,"[""move"", 7, 4, 1]",1.0,0.9229693497017089,1.0,0.711800842129378,0.8173850959155434,2.0,1.6347701918310868,7,4,1
move,"[""move"", 8, 0, 1]",10.0,1.8805676081428906,10.0,0.7405563143161221,1.3105619612295063,20.0,26.211239224590127,8,0,1
move,"[""move"", 8, 0, 2]",9.0,1.6020237925812097,9.0,0.7317220626723795,1.1668729276267948,18.0,21.003712697282307,8,0,2
move,"[""move"", 8, 0, 3]",8.0,1.413788106805006,8.0,0.7339706445569685,1.0738793756809872,16.0,17.182070010895796,8,0,3
move,"[""move"", 8, 0, 4]",8.0,1.4407731333051792,8.0,0.72874553341916,1.0847593333621697,16.0,17.356149333794715,8,0,4
move,"[""move"", 8, 0, 5]",7.0,1.3674377582713906,7.0,0.7245702009352548,1.0460039796033227,14.0,14.644055714446518,8,0,5
move,"[""move"", 8, 0, 6]",9.0,1.554077012888743,9.0,0.7181474109515136,1.1361122119201283,18.0,20.45001981456231,8,0,6
move,"[""move"", 8, 0, 7]",9.0,1.6926490833614318,9.0,0.7186035688504102,1.2056263261059208,18.0,21.701273869906576,8,0,7
move,"[""move"", 8, 0, 8]",9.0,1.7146278995366155,9.0,0.7287687354426656,1.2216983174896408,18.0,21.99056971481353,8,0,8
move,"[""move"", 8, 0, 9]",9.0,1.7360057942981288,9.0,0.7243452096492254,1.230175501973677,18.0,22.14315903552619,8,0,9
move,"[""move"", 8, 1, 0]",9.0,1.6556935864347004,9.0,0.7387813534463009,1.1972374699405006,18.0,21.55027445892901,8,1,0
move,"[""move"", 8, 1, 2]",11.0,1.778880298727524,11.0,0.7399663384914116,1.2594233186094679,22.0,27.707313009408296,8,1,2
move,"[""move"", 8, 1, 3]",9.0,1.6079529646750692,9.0,0.7338182883180074,1.1708856264965384,18.0,21.07594127693769,8,1,3
move,"[""move"", 8, 1, 4]",9.0,1.6052145321684013,9.0,0.7290394811238818,1.1671270066461417,18.0,21.00828611963055,8,1,4
move,"[""move"", 8, 1, 5]",6.0,1.1569788612777192,6.0,0.7163795880598216,0.9366792246687704,12.0,11.240150696025244,8,1,5
move,"[""move"", 8, 1, 6]",8.0,1.5233998262281518,8.0,0.7224920079686461,1.1229459170983989,16.0,17.96713467357438,8,1,6
move,"[""move"", 8, 1, 7]",9.0,1.6325620284315265,9.0,0.7146354384628048,1.1735987334471658,18.0,21.124777202048985,8,1,7
move,"[""move"", 8, 1, 8]",10.0,1.693428000195961,10.0,0.727464496702662,1.2104462484493113,20.0,24.208924968986224,8,1,8
move,"[""move"", 8, 1, 9]",12.0,1.8258804671525033,12.0,0.7343204592353084,1.2801004631939057,24.0,30.72241111665374,8,1,9
move,"[""move"", 8, 2, 0]",10.0,1.6573576382237865,10.0,0.7275961405702943,1.19247688939704,20.0,23.8495377879408,8,2,0
move,"[""move"", 8, 2, 1]",10.0,1.7415656229698946,10.0,0.7401687280475635,1.2408671755087293,20.0,24.817343510174585,8,2,1
move,"[""move"", 8, 2, 3]",9.0,1.611991847555329,9.0,0.7384768730925094,1.1752343603239193,18.0,21.154218485830548,8,2,3
move,"[""move"", 8, 2, 4]",8.0,1.499522010081157,8.0,0.7334932593915892,1.1165076347363732,16.0,17.86412215578197,8,2,4
move,"[""move"", 8, 2, 5]",11.0,1.7873088096248138,11.0,0.7262520373733226,1.2567804234990676,22.0,27.64916931697949,8,2,5
move,"[""move"", 8, 2, 6]",8.0,1.502712722256081,8.0,0.7271607958506316,1.1149367590533565,16.0,17.838988144853705,8,2,6
move,"[""move"", 8, 2, 7]",8.0,1.53260481788704,8.0,0.7213084041965117,1.126956611041776,16.0,18.031305776668415,8,2,7
move,"[""move"", 8, 2, 8]",9.0,1.6202649659990063,9.0,0.7205141134170532,1.1703895397080297,18.0,21.067011714744535,8,2,8
move,"[""move"", 8, 2, 9]",8.0,1.5887198794434034,8.0,0.7205009778017696,1.1546104286225862,16.0,18.47376685796138,8,2,9
move,"[""move"", 8, 3, 0]",8.0,1.5404962620420697,8.0,0.7261860870831041,1.1333411745625868,16.0,18.133458793001388,8,3,0
move,"[""move"", 8, 3, 1]",8.0,1.5014969737613373,8.0,0.7372663174455099,1.1193816456034236,16.0,17.910106329654777,8,3,1
move,"[""move"", 8, 3, 2]",10.0,1.8651375599937385,10.0,0.7458246700828924,1.3054811150383157,20.0,26.10962230076631,8,3,2
move,"[""move"", 8, 3, 4]",9.0,1.641523248598685,9.0,0.7362806680750373,1.1889019583368612,18.0,21.400235250063503,8,3,4
move,"[""move"", 8, 3, 5]",9.0,1.5153837554796905,9.0,0.7341104080548835,1.124747081767287,18.0,20.24544747181117,8,3,5
move,"[""move"", 8, 3, 6]",9.0,1.6379770804601423,9.0,0.7300424219308836,1.184009751195513,18.0,21.312175521519233,8,3,6
move,"[""move"", 8, 3, 7]",8.0,1.6277714889291923,8.0,0.7218144319266409,1.1747929604279168,16.0,18.79668736684667,8,3,7
move,"[""move"", 8, 3, 8]",9.0,1.6670040408137936,9.0,0.7210979911844736,1.1940510159991335,18.0,21.492918287984406,8,3,8
move,"[""move"", 8, 3, 9]",8.0,1.5238011938592082,8.0,0.716825088863165,1.1203131413611866,16.0,17.925010261778986,8,3,9
move,"[""move"", 8, 4, 0]",8.0,1.6618816765397797,8.0,0.7219406809486575,1.1919111787442187,16.0,19.0705788599075,8,4,0
move,"[""move"", 8, 4, 1]",10.0,1.9466242873937625,10.0,0.7395277434096783,1.3430760154017198,20.0,26.861520308034397,8,4,1
move,"[""move"", 8, 4, 2]",9.0,1.8561366148204728,9.0,0.7476216800698628,1.3018791474451676,18.0,23.43382465401302,8,4,2
move,"[""move"", 8, 4, 3]",8.0,1.6348794265652566,8.0,0.7458996517228258,1.190389539144041,16.0,19.046232626304658,8,4,3
move,"[""move"", 8, 4, 5]",11.0,1.914094779839757,11.0,0.7416925113004872,1.3278936455701218,22.0,29.21366020254268,8,4,5
move,"[""move"", 8, 4, 6]",10.0,1.9102066775676385,10.0,0.7455764250526499,1.3278915513101444,20.0,26.557831026202887,8,4,6
move,"[""move"", 8, 4, 7]",9.0,1.7351890577252576,9.0,0.7390233874859643,1.237106222605611,18.0,22.267912006901,8,4,7
move,"[""move"", 8, 4, 8]",8.0,1.6996909352403928,8.0,0.7142522862060203,1.2069716107232065,16.0,19.311545771571303,8,4,8
move,"[""move"", 8, 4, 9]",9.0,1.678125300079705,9.0,0.7230996339196062,1.2006124669996556,18.0,21.611024405993803,8,4,9
move,"[""move"", 8, 5, 0]",9.0,1.663214301939299,9.0,0.729514804844114,1.1963645533917067,18.0,21.53456196105072,8,5,0
move,"[""move"", 8, 5, 1]",8.0,1.648390956743267,8.0,0.7303502634280525,1.1893706100856598,16.0,19.029929761370557,8,5,1
move,"[""move"", 8, 5, 2]",9.0,1.7076759853296613,9.0,0.7276466998188086,1.217661342574235,18.0,21.917904166336232,8,5,2
move,"[""move"", 8, 5, 3]",9.0,1.7080683222923234,9.0,0.732739188705707,1.2204037554990153,18.0,21.967267598982275,8,5,3
move,"[""move"", 8, 5, 4]",12.0,1.8614090703635562,12.0,0.7407465753682908,1.3010778228659234,24.0,31.225867748782164,8,5,4
move,"[""move"", 8, 5, 6]",10.0,1.7303623816555227,10.0,0.7411169625574245,1.2357396721064737,20.0,24.714793442129476,8,5,6
move,"[""move"", 8, 5, 7]",7.0,1.4782786627607805,7.0,0.7384200621859344,1.1083493624733574,14.0,15.516891074627004,8,5,7
move,"[""move"", 8, 5, 8]",9.0,1.7205768083845954,9.0,0.7296292821949992,1.2251030452897973,18.0,22.051854815216352,8,5,8
move,"[""move"", 8, 5, 9]",8.0,1.5303347391784896,8.0,0.7164740368931991,1.1234043880358442,16.0,17.974470208573507,8,5,9
move,"[""move"", 8, 6, 0]",7.0,1.4635095803318152,7.0,0.7144244768224478,1.0889670285771316,14.0,15.245538400079841,8,6,0
move,"[""move"", 8, 6, 1]",9.0,1.72111596576109,9.0,0.7333224813716855,1.227219223566388,18.0,22.089946024194983,8,6,1
move,"[""move"", 8, 6, 2]",10.0,1.6408198659185085,10.0,0.7286349082703046,1.1847273870944064,20.0,23.69454774188813,8,6,2
move,"[""move"", 8, 6, 3]",10.0,1.7008068389442488,10.0,0.7366850916953557,1.2187459653198023,20.0,24.374919306396045,8,6,3
move,"[""move"", 8, 6, 4]",11.0,1.7879611782863007,11.0,0.728668982130327,1.2583150802083136,22.0,27.6829317645829,8,6,4
move,"[""move"", 8, 6, 5]",10.0,1.6762349962420626,10.0,0.7377388967507712,1.206986946496417,20.0,24.13973892992834,8,6,5
move,"[""move"", 8, 6, 7]",11.0,1.7745372617321664,11.0,0.7370731277147873,1.2558051947234772,22.0,27.627714283916497,8,6,7
move,"[""move"", 8, 6, 8]",8.0,1.565224844110119,8.0,0.7276471916852515,1.1464360178976856,16.0,18.34297628636297,8,6,8
move,"[""move"", 8, 6, 9]",9.0,1.6350439859868917,9.0,0.7268641493881844,1.1809540676875383,18.0,21.25717321837569,8,6,9
move,"[""move"", 8, 7, 0]",8.0,1.4709379208459556,8.0,0.7304576695332905,1.100697795189623,16.0,17.61116472303397,8,7,0
move,"[""move"", 8, 7, 1]",8.0,1.589899254250438,8.0,0.7276594607718307,1.1587793575111345,16.0,18.54046972017815,8,7,1
move,"[""move"", 8, 7, 2]",8.0,1.6724200302638088,8.0,0.7207946288058937,1.1966073295348512,16.0,19.14571727255762,8,7,2
move,"[""move"", 8, 7, 3]",9.0,1.5930374678810362,9.0,0.7238853389515353,1.1584614034162855,18.0,20.85230526149314,8,7,3
move,"[""move"", 8, 7, 4]",9.0,1.5777826883775021,9.0,0.7240240395292301,1.1509033639533661,18.0,20.71626055116059,8,7,4
move,"[""move"", 8, 7, 5]",9.0,1.6045180945001747,9.0,0.7232745670810884,1.1638963307906318,18.0,20.950133954231372,8,7,5
move,"[""move"", 8, 7, 6]",10.0,1.7126747459418759,10.0,0.7359443088016235,1.2243095273717497,20.0,24.486190547434994,8,7,6
move,"[""move"", 8, 7, 8]",12.0,1.8964949066284023,12.0,0.7326684651895778,1.3145816859089898,24.0,31.549960461815758,8,7,8
move,"[""move"", 8, 7, 9]",9.0,1.6065811238852012,9.0,0.7365837716016196,1.1715824477434105,18.0,21.08848405938139,8,7,9
move,"[""move"", 8, 8, 0]",11.0,1.8001003328368157,11.0,0.7417397976858837,1.2709200652613495,22.0,27.96024143574969,8,8,0
move,"[""move"", 8, 8, 1]",9.0,1.803221779953284,9.0,0.7301080637943727,1.2666649218738284,18.0,22.79996859372891,8,8,1
move,"[""move"", 8, 8, 2]",9.0,1.7606142386336523,9.0,0.7251373215099837,1.2428757800718178,18.0,22.37176404129272,8,8,2
move,"[""move"", 8, 8, 3]",8.0,1.530925094662172,8.0,0.7204997374937707,1.1257124160779712,16.0,18.01139865724754,8,8,3
move,"[""move"", 8, 8, 4]",9.0,1.6811255260635427,9.0,0.717194824584843,1.1991601753241925,18.0,21.584883155835467,8,8,4
move,"[""move"", 8, 8, 5]",10.0,1.6932702876221508,10.0,0.7299156117176331,1.211592949669892,20.0,24.23185899339784,8,8,5
move,"[""move"", 8, 8, 6]",11.0,1.9186175149286688,11.0,0.73825181531863,1.3284346651236498,22.0,29.225562632720294,8,8,6
move,"[""move"", 8, 8, 7]",11.0,1.8080374069878795,11.0,0.748556431252165,1.278296919120022,22.0,28.122532220640483,8,8,7
move,"[""move"", 8, 8, 9]",9.0,1.7175251123319824,9.0,0.7395556757643766,1.2285403940481794,18.0,22.11372709286723,8,8,9
move,"[""move"", 8, 9, 0]",8.0,1.5512143936019018,8.0,0.7303710393077156,1.1407927164548084,16.0,18.252683463276934,8,9,0
move,"[""move"", 8, 9, 1]",11.0,1.9138262538229518,11.0,0.7341294370270736,1.3239778454250126,22.0,29.12751259935028,8,9,1
move,"[""move"", 8, 9, 2]",8.0,1.5761494965454421,8.0,0.7267579934545622,1.1514537450000022,16.0,18.423259920000035,8,9,2
move,"[""move"", 8, 9, 3]",8.0,1.4977061618688614,8.0,0.7140439548940845,1.105875058381473,16.0,17.694000934103567,8,9,3
move,"[""move"", 8, 9, 4]",8.0,1.4890486387877973,8.0,0.723140674603925,1.1060946566958612,16.0,17.69751450713378,8,9,4
move,"[""move"", 8, 9, 5]",7.0,1.4229400741454528,7.0,0.7189505289267883,1.0709453015361203,14.0,14.993234221505686,8,9,5
move,"[""move"", 8, 9, 6]",10.0,1.610461198588521,10.0,0.7350327686509416,1.172746983619731,20.0,23.454939672394623,8,9,6
move,"[""move"", 8, 9, 7]",9.0,1.7285354457399813,9.0,0.7389904987638156,1.2337629722518983,18.0,22.20773350053417,8,9,7
move,"[""move"", 8, 9, 8]",12.0,1.8692500623525452,12.0,0.7289977985323888,1.2991239304424667,24.0,31.1789743306192,8,9,8
